ablatyw	ablatywu	MASC;INAN
adwersarz	adwersarza	MASC;HUM
akcesorium	akcesorium	NEUT
akronim	akronimu	MASC;INAN
akumulator	akumulatora	MASC;INAN
akuszerka	akuszerki	FEM
albatros	albatrosa	MASC;ANIM
alrauna	alrauny	FEM
aminokwas	aminokwasu	MASC;INAN
anagram	anagramu	MASC;INAN
aneks	aneksu	MASC;INAN
aniołek	aniołka	MASC;ANIM
archipelag	archipelagu	MASC;INAN
archiwum	archiwum	NEUT
arka	arki	FEM
astrolog	astrologa	MASC;HUM
atak	ataku	MASC;INAN
aureola	aureoli	FEM
autokar	autokaru	MASC;INAN
bacówka	bacówki	FEM
bad	badu	MASC;INAN
balista	balisty	FEM
balustrada	balustrady	FEM
barka	barki	FEM
barograf	barografu	MASC;INAN
batuta	batuty	FEM
biernik	biernika	MASC;INAN
biszkopt	biszkoptu	MASC;INAN
blenda	blendy	FEM
blondynka	blondynki	FEM
bok	boku	MASC;INAN
bosak	bosaka	MASC;INAN
bosman	bosmana	MASC;HUM
bozon	bozonu	MASC;INAN
bramka	bramki	FEM
bratanica	bratanicy	FEM
bratek	bratka	MASC;INAN
brunet	bruneta	MASC;HUM
bryła	bryły	FEM
brzydal	brzydala	MASC;HUM
brzydula	brzyduli	FEM
budowla	budowli	FEM
buhaj	buhaja	MASC;ANIM
burnus	burnusa	MASC;INAN
błysk	błysku	MASC;INAN
cal	cala	MASC;INAN
cap	capa	MASC;ANIM
casting	castingu	MASC;INAN
całkowanie	całkowania	NEUT
całun	całunu	MASC;INAN
cedzak	cedzaka	MASC;INAN
charakter	charakteru	MASC;INAN
chałwa	chałwy	FEM
chciwość	chciwości	FEM
chochla	chochli	FEM
chrystadelfianin	chrystadelfianina	MASC;HUM
chór	chóru	MASC;INAN
chłodnica	chłodnicy	FEM
cielsko	cielska	NEUT
ciemię	ciemienia	NEUT
ciemnica	ciemnicy	FEM
ciepłota	ciepłoty	FEM
cinkciarz	cinkciarza	MASC;HUM
cug	cugu	MASC;INAN
cugiel	cugla	MASC;INAN
cynik	cynika	MASC;HUM
cynk	cynku	MASC;INAN
cyrylica	cyrylicy	FEM
cytat	cytatu	MASC;INAN
czako	czaka	NEUT
czapeczka	czapeczki	FEM
czarnuch	czarnucha	MASC;HUM
czarnuszka	czarnuszki	FEM
czasopismo	czasopisma	NEUT
czekoladka	czekoladki	FEM
czerw	czerwia	MASC;ANIM
czeszka	czeszki	FEM
czujnik	czujnika	MASC;INAN
czysta	czystej	FEM
danie	dania	NEUT
decymetr	decymetra	MASC;INAN
deltoid	deltoidu	MASC;INAN
demograf	demografa	MASC;HUM
denaturat	denaturatu	MASC;INAN
deser	deseru	MASC;INAN
deskarz	deskarza	MASC;HUM
dodatek	dodatku	MASC;INAN
dojarka	dojarki	FEM
donica	donicy	FEM
dowód	dowodu	MASC;INAN
dozorczyni	dozorczyni	FEM
doświadczenie	doświadczenia	NEUT
dramat	dramatu	MASC;INAN
drobina	drobiny	FEM
dupa	dupy	FEM
dwukropek	dwukropka	MASC;INAN
dwórka	dwórki	FEM
działanie	działania	NEUT
dzida	dzidy	FEM
dziedziniec	dziedzińca	MASC;INAN
dzielna	dzielnej	FEM
dziennik	dziennika	MASC;INAN
dławik	dławika	MASC;ANIM
dłuto	dłuta	NEUT
dżokej	dżokeja	MASC;HUM
edyl	edyla	MASC;HUM
efekt	efektu	MASC;INAN
egzamin	egzaminu	MASC;INAN
egzorcysta	egzorcysty	MASC;HUM
ekolog	ekologa	MASC;HUM
ekonomista	ekonomisty	MASC;HUM
ekskomunika	ekskomuniki	FEM
ekspertka	ekspertki	FEM
elektronik	elektronika	MASC;HUM
embargo	embarga	NEUT
emerytura	emerytury	FEM
endonim	endonimu	MASC;INAN
epicykl	epicyklu	MASC;INAN
fabryka	fabryki	FEM
fajka	fajki	FEM
faks	faksu	MASC;INAN
fenyloalanina	fenyloalaniny	FEM
filmoteka	filmoteki	FEM
finalistka	finalistki	FEM
fiolet	fioletu	MASC;INAN
flak	flaku	MASC;INAN
flauta	flauty	FEM
flirt	flirtu	MASC;INAN
folder	folderu	MASC;INAN
fonetyka	fonetyki	FEM
fotosynteza	fotosyntezy	FEM
frak	fraka	MASC;INAN
fregata	fregaty	FEM
frytka	frytki	FEM
fryzjerka	fryzjerki	FEM
fuga	fugi	FEM
funpag	funpaga	MASC;INAN
furan	furanu	MASC;INAN
futro	futra	NEUT
galeon	galeonu	MASC;INAN
garbarz	garbarza	MASC;HUM
gejzer	gejzeru	MASC;INAN
gekon	gekona	MASC;ANIM
giermek	giermka	MASC;HUM
gnat	gnata	MASC;ANIM
grabież	grabieży	FEM
graniastosłup	graniastosłupa	MASC;INAN
grosz	grosza	MASC;INAN
grusza	gruszy	FEM
gruzin	gruzina	MASC;HUM
grzbiet	grzbietu	MASC;INAN
grzebień	grzebienia	MASC;INAN
grzeczność	grzeczności	FEM
grzybek	grzybka	MASC;ANIM
gwiazdor	gwiazdora	MASC;HUM
gwiazdozbiór	gwiazdozbioru	MASC;INAN
gęstwa	gęstwy	FEM
głupiec	głupca	MASC;HUM
głuptas	głuptasa	MASC;HUM
główka	główki	FEM
hak	haka	MASC;INAN
halibut	halibuta	MASC;ANIM
harpun	harpuna	MASC;INAN
haubica	haubicy	FEM
hazard	hazardu	MASC;INAN
heksametr	heksametru	MASC;INAN
heksan	heksanu	MASC;INAN
hektar	hektara	MASC;INAN
heptan	heptanu	MASC;INAN
herbata	herbaty	FEM
herbicyd	herbicydu	MASC;INAN
hodowla	hodowli	FEM
huba	huby	FEM
hurtownia	hurtowni	FEM
idiom	idiomu	MASC;INAN
ilość	ilości	FEM
imadło	imadła	NEUT
imperator	imperatora	MASC;HUM
infrastruktura	infrastruktury	FEM
jabłoń	jabłoni	FEM
jadło	jadła	NEUT
jagódeczka	jagódeczki	FEM
jastrząb	jastrzębia	MASC;ANIM
jaśmin	jaśminu	MASC;INAN
jesion	jesionu	MASC;INAN
kablówka	kablówki	FEM
kadłub	kadłuba	MASC;INAN
kajzerka	kajzerki	FEM
kalmar	kalmara	MASC;ANIM
kameleon	kameleona	MASC;ANIM
kamieniarz	kamieniarza	MASC;HUM
kangur	kangura	MASC;ANIM
kanibal	kanibala	MASC;HUM
kantata	kantaty	FEM
kapelan	kapelana	MASC;HUM
kara	kary	FEM
karawan	karawanu	MASC;INAN
karta	karty	FEM
kartograf	kartografa	MASC;HUM
kasjer	kasjera	MASC;HUM
kaszalot	kaszalota	MASC;ANIM
kasztan	kasztana	MASC;INAN
kasztanowiec	kasztanowca	MASC;INAN
katalończyk	katalończyka	MASC;HUM
kawiarenka	kawiarenki	FEM
kelner	kelnera	MASC;HUM
kieliszek	kieliszka	MASC;INAN
kierownica	kierownicy	FEM
kierunek	kierunku	MASC;INAN
klarnet	klarnetu	MASC;INAN
klops	klopsa	MASC;INAN
klucz	klucza	MASC;INAN
kochanie	kochania	NEUT
kok	koka	MASC;INAN
kolczuga	kolczugi	FEM
kolendra	kolendry	FEM
komoda	komody	FEM
komp	kompa	MASC;ANIM
kompromis	kompromisu	MASC;INAN
komputerek	komputerka	MASC;INAN
komunista	komunisty	MASC;HUM
konformista	konformisty	MASC;HUM
kontakt	kontaktu	MASC;INAN
kormoran	kormorana	MASC;ANIM
kosiarka	kosiarki	FEM
kosmyk	kosmyka	MASC;INAN
kowadło	kowadła	NEUT
koziorożec	koziorożca	MASC;ANIM
kozojebca	kozojebcy	MASC;HUM
kołacz	kołacza	MASC;INAN
koń	konia	MASC;ANIM
kra	kry	FEM
kradzież	kradzieży	FEM
krasnal	krasnala	MASC;ANIM
krasula	krasuli	FEM
kreatura	kreatury	FEM
krocze	krocza	NEUT
krok	kroku	MASC;INAN
kronikarz	kronikarza	MASC;HUM
kryterium	kryterium	NEUT
krzeczot	krzeczota	MASC;ANIM
królewicz	królewicza	MASC;HUM
krótkofalówka	krótkofalówki	FEM
ksiądz	księdza	MASC;HUM
księżniczka	księżniczki	FEM
kujon	kujona	MASC;HUM
kukurydza	kukurydzy	FEM
kurewstwo	kurewstwa	NEUT
kusiciel	kusiciela	MASC;HUM
kuzynka	kuzynki	FEM
kwiatuszek	kwiatuszka	MASC;INAN
kwiczoł	kwiczoła	MASC;ANIM
kwinta	kwinty	FEM
kąt	kąta	MASC;INAN
kłąb	kłębu	MASC;INAN
langusta	langusty	FEM
legionista	legionisty	MASC;HUM
legowisko	legowiska	NEUT
lepton	leptonu	MASC;INAN
limuzyna	limuzyny	FEM
linoryt	linorytu	MASC;INAN
litera	litery	FEM
lodowisko	lodowiska	NEUT
lodołamacz	lodołamacza	MASC;INAN
lodówka	lodówki	FEM
lojalka	lojalki	FEM
luk	luku	MASC;INAN
luminofor	luminoforu	MASC;INAN
lustrzanka	lustrzanki	FEM
lutnik	lutnika	MASC;HUM
lwię	lwięcia	NEUT
macka	macki	FEM
magisterka	magisterki	FEM
magnetofon	magnetofonu	MASC;INAN
mak	maku	MASC;INAN
makolągwa	makolągwy	FEM
mamba	mamby	FEM
manga	mangi	FEM
maraton	maratonu	MASC;INAN
marcepan	marcepanu	MASC;INAN
marmolada	marmolady	FEM
małpa	małpy	FEM
małpka	małpki	FEM
melanż	melanżu	MASC;INAN
metafora	metafory	FEM
metro	metra	NEUT
miednica	miednicy	FEM
miesiąc	miesiąca	MASC;INAN
mieszkanie	mieszkania	NEUT
migrena	migreny	FEM
minka	minki	FEM
minóg	minoga	MASC;ANIM
misa	misy	FEM
misjonarz	misjonarza	MASC;HUM
mleczak	mleczaka	MASC;ANIM
mocz	moczu	MASC;INAN
moczar	moczaru	MASC;INAN
modlitewnik	modlitewnika	MASC;INAN
monarcha	monarchy	MASC;HUM
monter	montera	MASC;HUM
monterka	monterki	FEM
moratorium	moratorium	NEUT
morwa	morwy	FEM
moszna	moszny	FEM
motek	motka	MASC;INAN
motor	motoru	MASC;INAN
mróweczka	mróweczki	FEM
mrówkolew	mrówkolwa	MASC;ANIM
mysza	myszy	FEM
mózg	mózgu	MASC;INAN
męczennik	męczennika	MASC;HUM
nadprzewodnik	nadprzewodnika	MASC;INAN
namiętność	namiętności	FEM
napad	napadu	MASC;INAN
naparstek	naparstka	MASC;INAN
napierdalanka	napierdalanki	FEM
narciarz	narciarza	MASC;HUM
naukowiec	naukowca	MASC;HUM
nektar	nektaru	MASC;INAN
nektaryna	nektaryny	FEM
neuron	neuronu	MASC;INAN
niecierpek	niecierpka	MASC;INAN
niedopałek	niedopałka	MASC;INAN
niemka	niemki	FEM
nioska	nioski	FEM
niuton	niutona	MASC;INAN
nocleg	noclegu	MASC;INAN
nokaut	nokautu	MASC;INAN
notowanie	notowania	NEUT
nóż	noża	MASC;INAN
obiecadło	obiecadła	NEUT
objętość	objętości	FEM
obowiązek	obowiązku	MASC;INAN
obrona	obrony	FEM
obsydian	obsydianu	MASC;INAN
obóz	obozu	MASC;INAN
obłość	obłości	FEM
odejmowanie	odejmowania	NEUT
odlew	odlewu	MASC;INAN
odpoczynek	odpoczynku	MASC;INAN
odziarniarka	odziarniarki	FEM
ogonek	ogonka	MASC;INAN
ogrom	ogromu	MASC;INAN
okaryna	okaryny	FEM
okaziciel	okaziciela	MASC;HUM
okolicznik	okolicznika	MASC;INAN
okoń	okonia	MASC;ANIM
oktan	oktanu	MASC;INAN
oktant	oktantu	MASC;INAN
oman	omanu	MASC;INAN
opad	opadu	MASC;INAN
opat	opata	MASC;HUM
opór	oporu	MASC;INAN
organ	organu	MASC;INAN
organizator	organizatora	MASC;HUM
orgazm	orgazmu	MASC;INAN
orka	orki	FEM
oskarżenie	oskarżenia	NEUT
ostrze	ostrza	NEUT
owieczka	owieczki	FEM
oślica	oślicy	FEM
pacjent	pacjenta	MASC;HUM
pacynka	pacynki	FEM
palisada	palisady	FEM
paragon	paragonu	MASC;INAN
paragraf	paragrafu	MASC;INAN
paranoik	paranoika	MASC;HUM
partner	partnera	MASC;HUM
pasieka	pasieki	FEM
patriota	patrioty	MASC;HUM
patyk	patyka	MASC;INAN
pałka	pałki	FEM
peryhelium	peryhelium	NEUT
perzyna	perzyny	FEM
petent	petenta	MASC;HUM
pianista	pianisty	MASC;HUM
piasta	piasty	FEM
piczka	piczki	FEM
piec	pieca	MASC;INAN
pieluszka	pieluszki	FEM
pika	piki	FEM
pikawa	pikawy	FEM
piktogram	piktogramu	MASC;INAN
pinda	pindy	FEM
piosenka	piosenki	FEM
piosenkarka	piosenkarki	FEM
pisak	pisaka	MASC;INAN
pięta	pięty	FEM
piżama	piżamy	FEM
placek	placka	MASC;INAN
plask	plasku	MASC;INAN
plus	plusa	MASC;INAN
pluton	plutonu	MASC;INAN
poczta	poczty	FEM
podbiał	podbiału	MASC;INAN
podbródek	podbródka	MASC;INAN
podpaska	podpaski	FEM
podstęp	podstępu	MASC;INAN
pojedynek	pojedynku	MASC;INAN
polano	polana	NEUT
policjant	policjanta	MASC;HUM
poligon	poligonu	MASC;INAN
poniedziałek	poniedziałku	MASC;INAN
pora	pory	FEM
poroże	poroża	NEUT
portmonetka	portmonetki	FEM
porządek	porządku	MASC;INAN
porównywarka	porównywarki	FEM
posiłek	posiłku	MASC;INAN
posłaniec	posłańca	MASC;HUM
posłanka	posłanki	FEM
powodzianin	powodzianina	MASC;HUM
powódź	powodzi	FEM
pozdrowienie	pozdrowienia	NEUT
poziomica	poziomicy	FEM
pozór	pozoru	MASC;INAN
pożyczka	pożyczki	FEM
pożytek	pożytku	MASC;INAN
praczka	praczki	FEM
pralka	pralki	FEM
prawidło	prawidła	NEUT
prefiks	prefiksu	MASC;INAN
premier	premiera	MASC;HUM
profes	profesa	MASC;HUM
projekt	projektu	MASC;INAN
prokurator	prokuratora	MASC;HUM
prom	promu	MASC;INAN
proroctwo	proroctwa	NEUT
prorok	proroka	MASC;HUM
proton	protonu	MASC;INAN
prowodyr	prowodyra	MASC;HUM
prywatka	prywatki	FEM
przebieralnia	przebieralni	FEM
przedmiot	przedmiotu	MASC;INAN
przeglądarka	przeglądarki	FEM
przestrzeń	przestrzeni	FEM
przyimek	przyimka	MASC;INAN
przyjaciółka	przyjaciółki	FEM
przyprawa	przyprawy	FEM
przyspieszenie	przyspieszenia	NEUT
próbówka	próbówki	FEM
prędkościomierz	prędkościomierza	MASC;INAN
psisko	psiska	NEUT
pulares	pularesu	MASC;INAN
pulmonolog	pulmonologa	MASC;HUM
puma	pumy	FEM
pupa	pupy	FEM
pustynia	pustyni	FEM
pyta	pyty	FEM
półka	półki	FEM
półkole	półkola	NEUT
półkula	półkuli	FEM
pątnik	pątnika	MASC;HUM
pędzel	pędzla	MASC;INAN
płyn	płynu	MASC;INAN
radiokompas	radiokompasu	MASC;INAN
rafandynka	rafandynki	FEM
referendum	referendum	NEUT
rombościan	rombościanu	MASC;INAN
rosa	rosy	FEM
rosjanin	rosjanina	MASC;HUM
rotor	rotora	MASC;INAN
rozbój	rozboju	MASC;INAN
rozjemca	rozjemcy	MASC;HUM
rozmaitość	rozmaitości	FEM
rozrywka	rozrywki	FEM
rozterka	rozterki	FEM
rozum	rozumu	MASC;INAN
rozważanie	rozważania	NEUT
rozwidlenie	rozwidlenia	NEUT
rozwód	rozwodu	MASC;INAN
roślina	rośliny	FEM
rumak	rumaka	MASC;ANIM
rzutowanie	rzutowania	NEUT
róż	różu	MASC;INAN
rączka	rączki	FEM
rękaw	rękawa	MASC;INAN
rękojmia	rękojmi	FEM
sadziec	sadźca	MASC;INAN
salamandra	salamandry	FEM
samba	samby	FEM
samochód	samochodu	MASC;INAN
saneczkarz	saneczkarza	MASC;HUM
ser	sera	MASC;INAN
serwer	serwera	MASC;INAN
siatkówka	siatkówki	FEM
siedziba	siedziby	FEM
skarpetka	skarpetki	FEM
skaza	skazy	FEM
skrobia	skrobi	FEM
skrzydlica	skrzydlicy	FEM
skrzynka	skrzynki	FEM
skutek	skutku	MASC;INAN
skuter	skutera	MASC;INAN
smyk	smyka	MASC;HUM
socjalista	socjalisty	MASC;HUM
sołectwo	sołectwa	NEUT
spinka	spinki	FEM
spodek	spodka	MASC;INAN
spojrzenie	spojrzenia	NEUT
spojówka	spojówki	FEM
sport	sportu	MASC;INAN
sracz	sracza	MASC;INAN
statystyk	statystyka	MASC;HUM
stenograf	stenografa	MASC;HUM
straszydło	straszydła	NEUT
strzał	strzału	MASC;INAN
strzałka	strzałki	FEM
strzykawka	strzykawki	FEM
strąk	strąka	MASC;INAN
student	studenta	MASC;HUM
stulatek	stulatka	MASC;HUM
stulecie	stulecia	NEUT
stągiew	stągwi	FEM
stłuczka	stłuczki	FEM
suchoklates	suchoklatesa	MASC;HUM
sucz	suczy	FEM
sukno	sukna	NEUT
supernowa	supernowej	FEM
supeł	supła	MASC;INAN
sylwetka	sylwetki	FEM
syrena	syreny	FEM
syrop	syropu	MASC;INAN
szajs	szajsu	MASC;INAN
szambo	szamba	NEUT
szanta	szanty	FEM
szereg	szeregu	MASC;INAN
szkatuła	szkatuły	FEM
szkielet	szkieletu	MASC;INAN
szklarnia	szklarni	FEM
szkliwo	szkliwa	NEUT
szkoda	szkody	FEM
szlak	szlaku	MASC;INAN
szmaragd	szmaragdu	MASC;INAN
sznurek	sznurka	MASC;INAN
szpilka	szpilki	FEM
sztorm	sztormu	MASC;INAN
szum	szumu	MASC;INAN
szwab	szwaba	MASC;HUM
sól	soli	FEM
sóweczka	sóweczki	FEM
słonecznik	słonecznika	MASC;INAN
słowianka	słowianki	FEM
słońce	słońca	NEUT
słupek	słupka	MASC;INAN
służący	służącego	MASC;HUM
słód	słodu	MASC;INAN
tafla	tafli	FEM
taniec	tańca	MASC;INAN
telefon	telefonu	MASC;INAN
telegraf	telegrafu	MASC;INAN
temperówka	temperówki	FEM
tender	tendra	MASC;INAN
teodolit	teodolitu	MASC;INAN
termosfera	termosfery	FEM
terytorium	terytorium	NEUT
tirówka	tirówki	FEM
tkacz	tkacza	MASC;HUM
tlenek	tlenku	MASC;INAN
tojad	tojadu	MASC;INAN
torcik	torcika	MASC;INAN
toster	tostera	MASC;INAN
transseksualista	transseksualisty	MASC;HUM
trasownik	trasownika	MASC;INAN
trawka	trawki	FEM
tren	trenu	MASC;INAN
tropik	tropiku	MASC;INAN
trójząb	trójzębu	MASC;INAN
tulipan	tulipana	MASC;ANIM
tundra	tundry	FEM
turczynka	turczynki	FEM
tusza	tuszy	FEM
twaróg	twarogu	MASC;INAN
tygrysica	tygrysicy	FEM
tyrozyna	tyrozyny	FEM
ubek	ubeka	MASC;HUM
uczelnia	uczelni	FEM
uczennica	uczennicy	FEM
udar	udaru	MASC;INAN
udręka	udręki	FEM
umywalka	umywalki	FEM
ustnik	ustnika	MASC;INAN
użyszkodnik	użyszkodnika	MASC;HUM
wabik	wabika	MASC;INAN
wachta	wachty	FEM
wafel	wafla	MASC;INAN
waliza	walizy	FEM
wapień	wapienia	MASC;INAN
waran	warana	MASC;ANIM
warsztat	warsztatu	MASC;INAN
warzucha	warzuchy	FEM
waszmość	waszmości	FEM
waść	waści	FEM
werbunek	werbunku	MASC;INAN
western	westernu	MASC;INAN
weterynarz	weterynarza	MASC;HUM
wiadomość	wiadomości	FEM
wiara	wiary	FEM
wichura	wichury	FEM
widziadło	widziadła	NEUT
wielobok	wieloboku	MASC;INAN
wierzący	wierzącego	MASC;HUM
wiesiołek	wiesiołka	MASC;INAN
wilkołak	wilkołaka	MASC;ANIM
wir	wiru	MASC;INAN
wirnik	wirnika	MASC;INAN
więcierz	więcierza	MASC;INAN
wnuczę	wnuczęcia	NEUT
wrażenie	wrażenia	NEUT
wrotycz	wrotycza	MASC;INAN
wybielacz	wybielacza	MASC;INAN
wyborca	wyborcy	MASC;HUM
wychowanek	wychowanka	MASC;HUM
wyczyn	wyczynu	MASC;INAN
wykres	wykresu	MASC;INAN
wymóg	wymogu	MASC;INAN
wypiek	wypieku	MASC;INAN
wyrocznia	wyroczni	FEM
wysokość	wysokości	FEM
wystawa	wystawy	FEM
wzgląd	względu	MASC;INAN
wzmianka	wzmianki	FEM
wzrost	wzrostu	MASC;INAN
wół	wołu	MASC;ANIM
władca	władcy	MASC;HUM
włókno	włókna	NEUT
zakażenie	zakażenia	NEUT
zakon	zakonu	MASC;INAN
zalew	zalewu	MASC;INAN
zapiekanka	zapiekanki	FEM
założyciel	założyciela	MASC;HUM
zbieg	zbiega	MASC;HUM
zbiór	zbioru	MASC;INAN
zbrodnia	zbrodni	FEM
zdarzenie	zdarzenia	FEM
zdjęcie	zdjęcia	NEUT
zdrajca	zdrajcy	MASC;HUM
zgorzel	zgorzeli	FEM
ziele	ziela	NEUT
ziemianin	ziemianina	MASC;HUM
zlewozmywak	zlewozmywaka	MASC;INAN
zmiana	zmiany	FEM
znój	znoju	MASC;INAN
zszywacz	zszywacza	MASC;INAN
zwarcie	zwarcia	NEUT
związek	związku	MASC;INAN
zworka	zworki	FEM
złocień	złocienia	MASC;INAN
ćwierćdolarówka	ćwierćdolarówki	FEM
łaska	łaski	FEM
łotr	łotra	MASC;HUM
łódeczka	łódeczki	FEM
łęk	łęku	MASC;INAN
ścierwo	ścierwa	NEUT
śledź	śledzia	MASC;ANIM
śluz	śluzu	MASC;INAN
śmierć	śmierci	FEM
śmigłowiec	śmigłowca	MASC;INAN
śnieżyca	śnieżycy	FEM
śródmózgowie	śródmózgowia	NEUT
światopogląd	światopoglądu	MASC;INAN
świecznik	świecznika	MASC;INAN
świr	świra	MASC;HUM
żagiel	żagla	MASC;INAN
żakiet	żakietu	MASC;INAN
żyła	żyły	FEM
administrator	administratora	MASC;HUM
adres	adresu	MASC;INAN
adresat	adresata	MASC;HUM
adwent	adwentu	MASC;INAN
afera	afery	FEM
aforyzm	aforyzmu	MASC;INAN
afrodyzjak	afrodyzjaka	MASC;INAN
agnostyk	agnostyka	MASC;HUM
akapit	akapitu	MASC;INAN
akrobata	akrobaty	MASC;HUM
akrobatka	akrobatki	FEM
aktywista	aktywisty	MASC;HUM
alergen	alergenu	MASC;INAN
alfons	alfonsa	MASC;HUM
aligator	aligatora	MASC;ANIM
alkoholiczka	alkoholiczki	FEM
aloza	alozy	FEM
ambulatorium	ambulatorium	NEUT
amfiteatr	amfiteatru	MASC;INAN
amplituda	amplitudy	FEM
analfabeta	analfabety	MASC;HUM
angielka	angielki	FEM
anoda	anody	FEM
antidotum	antidotum	NEUT
antywirus	antywirusa	MASC;INAN
apostrofa	apostrofy	FEM
apsyda	apsydy	FEM
arcybiskup	arcybiskupa	MASC;HUM
areszt	aresztu	MASC;INAN
asymptota	asymptoty	FEM
asystent	asystenta	MASC;HUM
austriak	austriaka	MASC;HUM
awanturnik	awanturnika	MASC;HUM
babcia	babci	FEM
babunia	babuni	FEM
bakburta	bakburty	FEM
balet	baletu	MASC;INAN
bandera	bandery	FEM
bandzior	bandziora	MASC;HUM
banita	banity	MASC;HUM
barabanda	barabandy	FEM
barć	barci	FEM
baskijka	baskijki	FEM
baszta	baszty	FEM
belgijka	belgijki	FEM
benzen	benzenu	MASC;INAN
bezpiecznik	bezpiecznika	MASC;INAN
bibuła	bibuły	FEM
bieługa	bieługi	FEM
bila	bili	FEM
biurowiec	biurowca	MASC;INAN
blacha	blachy	FEM
blachosmród	blachosmroda	MASC;ANIM
blazonowanie	blazonowania	NEUT
bliźnię	bliźnięcia	NEUT
blog	blogu	MASC;INAN
boks	boksu	MASC;INAN
bomba	bomby	FEM
brak	braku	MASC;INAN
brat	brata	MASC;HUM
brodawka	brodawki	FEM
brud	brudu	MASC;INAN
bruk	bruku	MASC;INAN
brzask	brzasku	MASC;INAN
buddysta	buddysty	MASC;HUM
budynek	budynku	MASC;INAN
bułeczka	bułeczki	FEM
była	byłej	FEM
błąd	błędu	MASC;INAN
cacko	cacka	NEUT
całopalenie	całopalenia	NEUT
cebrzyk	cebrzyka	MASC;INAN
cebulka	cebulki	FEM
cegła	cegły	FEM
cera	cery	FEM
chata	chaty	FEM
cheeseburger	cheeseburgera	MASC;ANIM
chirurg	chirurga	MASC;HUM
chochlik	chochlika	MASC;ANIM
chodak	chodaka	MASC;INAN
choinka	choinki	FEM
chusteczka	chusteczki	FEM
chów	chowu	MASC;INAN
chłopczyk	chłopczyka	MASC;HUM
ciasteczko	ciasteczka	NEUT
ciało	ciała	NEUT
cipa	cipy	FEM
ciuchcia	ciuchci	FEM
cudo	cuda	NEUT
cukiereczek	cukiereczka	MASC;ANIM
cukiernik	cukiernika	MASC;HUM
cykada	cykady	FEM
cyngiel	cyngla	MASC;INAN
cyrulik	cyrulika	MASC;HUM
czarny	czarnego	MASC;HUM
czarownica	czarownicy	FEM
czarownik	czarownika	MASC;HUM
czasoprzestrzeń	czasoprzestrzeni	FEM
czasownik	czasownika	MASC;INAN
czasówka	czasówki	FEM
czereśnia	czereśni	FEM
czynel	czynela	MASC;INAN
czyż	czyża	MASC;ANIM
darwinista	darwinisty	MASC;HUM
daszek	daszka	MASC;INAN
dawca	dawcy	MASC;HUM
deista	deisty	MASC;HUM
dekiel	dekla	MASC;INAN
dentysta	dentysty	MASC;HUM
dentystka	dentystki	FEM
dermatolog	dermatologa	MASC;HUM
dialekt	dialektu	MASC;INAN
dialog	dialogu	MASC;INAN
doba	doby	FEM
dochodzenie	dochodzenia	NEUT
dokonanie	dokonania	NEUT
dolec	dolca	MASC;ANIM
domek	domku	MASC;INAN
domówka	domówki	FEM
dopełniacz	dopełniacza	MASC;INAN
dorosły	dorosłego	MASC;HUM
druh	druha	MASC;HUM
drzewo	drzewa	NEUT
drzeworyt	drzeworytu	MASC;INAN
dubeltówka	dubeltówki	FEM
durszlak	durszlaka	MASC;INAN
dusza	duszy	FEM
dworzanin	dworzanina	MASC;HUM
dyrygent	dyrygenta	MASC;HUM
dyszel	dyszla	MASC;INAN
dział	działu	MASC;INAN
dzidziuś	dzidziusia	MASC;ANIM
dziedzina	dziedziny	FEM
dzielnica	dzielnicy	FEM
dzielnik	dzielnika	MASC;INAN
dziennikarz	dziennikarza	MASC;HUM
dziesięciolecie	dziesięciolecia	NEUT
dziewczynka	dziewczynki	FEM
dziewoja	dziewoi	FEM
dziobak	dziobaka	MASC;ANIM
echo	echa	NEUT
egzosfera	egzosfery	FEM
ekosystem	ekosystemu	MASC;INAN
eksperyment	eksperymentu	MASC;INAN
ekstaza	ekstazy	FEM
ekwilibrystka	ekwilibrystki	FEM
elektryk	elektryka	MASC;HUM
element	elementu	MASC;INAN
elipsa	elipsy	FEM
empetrójka	empetrójki	FEM
esteta	estety	MASC;HUM
fan	fana	MASC;HUM
fant	fantu	MASC;INAN
farba	farby	FEM
fasada	fasady	FEM
faza	fazy	FEM
felga	felgi	FEM
feminazistka	feminazistki	FEM
fenol	fenolu	MASC;INAN
finalista	finalisty	MASC;HUM
fistaszek	fistaszka	MASC;ANIM
flaming	flaminga	MASC;ANIM
fonetyk	fonetyka	MASC;HUM
fort	fortu	MASC;INAN
fosforan	fosforanu	MASC;INAN
francuz	francuza	MASC;HUM
fryzura	fryzury	FEM
fura	fury	FEM
gaj	gaju	MASC;INAN
garnitur	garnituru	MASC;INAN
gała	gały	FEM
geolog	geologa	MASC;HUM
gitara	gitary	FEM
gitarzysta	gitarzysty	MASC;HUM
golarka	golarki	FEM
golfista	golfisty	MASC;HUM
gospoda	gospody	FEM
gospodarka	gospodarki	FEM
granatowiec	granatowca	MASC;INAN
grawiton	grawitonu	MASC;INAN
grill	grilla	MASC;INAN
grochówka	grochówki	FEM
gromada	gromady	FEM
grzesiek	grześka	MASC;HUM
grzesznik	grzesznika	MASC;HUM
grzywna	grzywny	FEM
guziec	guźca	MASC;ANIM
gułag	gułagu	MASC;INAN
gwiazdka	gwiazdki	FEM
gówienko	gówienka	NEUT
gówniarz	gówniarza	MASC;HUM
głosowanie	głosowania	NEUT
głowica	głowicy	FEM
głuchoniemy	głuchoniemego	MASC;HUM
habit	habitu	MASC;INAN
hadis	hadisu	MASC;INAN
hamak	hamaka	MASC;INAN
headshot	headshota	MASC;INAN
hejter	hejtera	MASC;HUM
hemoliza	hemolizy	FEM
historyk	historyka	MASC;HUM
hiszpan	hiszpana	MASC;HUM
hiszpanka	hiszpanki	FEM
iguana	iguany	FEM
imiesłów	imiesłowu	MASC;INAN
impreza	imprezy	FEM
inwalida	inwalidy	MASC;HUM
izraelka	izraelki	FEM
jajco	jajca	NEUT
jamb	jambu	MASC;INAN
jamnik	jamnika	MASC;ANIM
jatka	jatki	FEM
jaz	jazu	MASC;INAN
jazda	jazdy	FEM
jełop	jełopa	MASC;HUM
jodła	jodły	FEM
językoznawca	językoznawcy	MASC;HUM
kacenjamer	kacenjamera	MASC;INAN
kalarepa	kalarepy	FEM
kalejdoskop	kalejdoskopu	MASC;INAN
kalina	kaliny	FEM
kanasta	kanasty	FEM
kapelusz	kapelusza	MASC;INAN
kapka	kapki	FEM
karat	karata	MASC;INAN
karawana	karawany	FEM
karetka	karetki	FEM
karp	karpia	MASC;ANIM
kartofel	kartofla	MASC;INAN
kastrat	kastrata	MASC;HUM
kaszub	kaszuba	MASC;HUM
kałamarz	kałamarza	MASC;INAN
kefir	kefiru	MASC;INAN
keratyna	keratyny	FEM
kiełbasa	kiełbasy	FEM
kimono	kimona	NEUT
kiszka	kiszki	FEM
klakson	klaksonu	MASC;INAN
klepisko	klepiska	NEUT
kniaź	kniazia	MASC;HUM
knot	knota	MASC;INAN
knypek	knypka	MASC;ANIM
kochanek	kochanka	MASC;HUM
kocioł	kotła	MASC;INAN
kojec	kojca	MASC;INAN
kolarz	kolarza	MASC;HUM
kolaż	kolażu	MASC;INAN
kolej	kolei	FEM
komar	komara	MASC;ANIM
kombajn	kombajnu	MASC;INAN
komiks	komiksu	MASC;INAN
kominiarka	kominiarki	FEM
kompas	kompasu	MASC;INAN
koncept	konceptu	MASC;INAN
konkubina	konkubiny	FEM
konserwa	konserwy	FEM
kontrast	kontrastu	MASC;INAN
konus	konusa	MASC;HUM
konwalijka	konwalijki	FEM
koperta	koperty	FEM
korek	korka	MASC;INAN
korektor	korektora	MASC;HUM
korona	korony	FEM
kosiarz	kosiarza	MASC;HUM
kotwica	kotwicy	FEM
kołyska	kołyski	FEM
krata	kraty	FEM
krawatka	krawatki	FEM
krem	kremu	MASC;INAN
krematorium	krematorium	NEUT
krowa	krowy	FEM
kruch	kruchu	MASC;INAN
kruk	kruka	MASC;ANIM
krwinka	krwinki	FEM
krzywda	krzywdy	FEM
krzyżyk	krzyżyka	MASC;INAN
królestwo	królestwa	NEUT
królikarnia	królikarni	FEM
krążek	krążka	MASC;INAN
kręgiel	kręgla	MASC;INAN
krętogłów	krętogłowa	MASC;ANIM
kulturysta	kulturysty	MASC;HUM
kumkwat	kumkwata	MASC;INAN
kupiec	kupca	MASC;HUM
kurczę	kurczęcia	NEUT
kusza	kuszy	FEM
kuźnia	kuźni	FEM
kwartał	kwartału	MASC;INAN
kwazar	kwazaru	MASC;INAN
kłótnia	kłótni	FEM
laguna	laguny	FEM
laryngolog	laryngologa	MASC;HUM
lekkoatletka	lekkoatletki	FEM
lemoniada	lemoniady	FEM
len	lnu	MASC;INAN
leniwiec	leniwca	MASC;ANIM
lep	lepu	MASC;INAN
liczydło	liczydła	NEUT
likaon	likaona	MASC;ANIM
limo	lima	NEUT
lin	lina	MASC;ANIM
lincz	linczu	MASC;INAN
lir	lira	MASC;ANIM
lisica	lisicy	FEM
lista	listy	FEM
literatura	literatury	FEM
lokator	lokatora	MASC;HUM
londyńczyk	londyńczyka	MASC;HUM
lotnisko	lotniska	NEUT
lud	ludu	MASC;INAN
ląd	lądu	MASC;INAN
lądowanie	lądowania	NEUT
macewa	macewy	FEM
machina	machiny	FEM
macierz	macierzy	FEM
madrygał	madrygału	MASC;INAN
magazyn	magazynu	MASC;INAN
makieta	makiety	FEM
mamałyga	mamałygi	FEM
manipuł	manipułu	MASC;INAN
manuskrypt	manuskryptu	MASC;INAN
marionetka	marionetki	FEM
marka	marki	FEM
metal	metalu	MASC;INAN
miał	miału	MASC;INAN
mieszaniec	mieszańca	MASC;ANIM
mikstura	mikstury	FEM
milicjant	milicjanta	MASC;HUM
minimalista	minimalisty	MASC;HUM
ministrantka	ministrantki	FEM
mion	mionu	MASC;INAN
mistrzyni	mistrzyni	FEM
modlitwa	modlitwy	FEM
modła	modły	FEM
mops	mopsa	MASC;ANIM
moralniak	moralniaka	MASC;ANIM
mors	morsa	MASC;ANIM
mrowisko	mrowiska	NEUT
mrównik	mrównika	MASC;ANIM
mszyca	mszycy	FEM
muflon	muflona	MASC;ANIM
mur	muru	MASC;INAN
murzyn	murzyna	MASC;HUM
mydlnica	mydlnicy	FEM
myśliwiec	myśliwca	MASC;INAN
mól	mola	MASC;ANIM
móżdżek	móżdżka	MASC;INAN
męczennica	męczennicy	FEM
napastnik	napastnika	MASC;HUM
napiwek	napiwku	MASC;INAN
naradka	naradki	FEM
nasieniowód	nasieniowodu	NEUT
naszywka	naszywki	FEM
nawias	nawiasu	MASC;INAN
nałożnica	nałożnicy	FEM
naśladowca	naśladowcy	MASC;HUM
nieboszczyk	nieboszczyka	MASC;HUM
nieprawda	nieprawdy	FEM
niewiadoma	niewiadomej	FEM
niezapominajka	niezapominajki	FEM
nimfomanka	nimfomanki	FEM
nizina	niziny	FEM
nocnik	nocnika	MASC;INAN
nosorożec	nosorożca	MASC;ANIM
nuta	nuty	FEM
obietnica	obietnicy	FEM
obrus	obrusu	MASC;INAN
obywatel	obywatela	MASC;HUM
ocean	oceanu	MASC;INAN
octan	octanu	MASC;INAN
odkrycie	odkrycia	NEUT
odkurzacz	odkurzacza	MASC;INAN
odmowa	odmowy	FEM
odszkodowanie	odszkodowania	NEUT
ognisko	ogniska	NEUT
ogrodniczka	ogrodniczki	FEM
ogłoszenie	ogłoszenia	NEUT
okres	okresu	MASC;INAN
omam	omamu	MASC;INAN
opis	opisu	MASC;INAN
oprawa	oprawy	FEM
organizm	organizmu	MASC;INAN
osobowość	osobowości	FEM
ossuarium	ossuarium	NEUT
ostróżka	ostróżki	FEM
otoczak	otoczaka	MASC;INAN
owad	owada	MASC;ANIM
owca	owcy	FEM
pacjentka	pacjentki	FEM
paczka	paczki	FEM
pagórek	pagórka	MASC;INAN
pajączek	pajączka	MASC;ANIM
palcówka	palcówki	FEM
panorama	panoramy	FEM
paradygmat	paradygmatu	MASC;INAN
parasol	parasola	MASC;INAN
parlamentarzysta	parlamentarzysty	MASC;HUM
parowiec	parowca	MASC;INAN
partacz	partacza	MASC;HUM
paserstwo	paserstwa	NEUT
pasierb	pasierba	MASC;HUM
passat	passata	MASC;ANIM
paszkot	paszkota	MASC;INAN
paszport	paszportu	MASC;INAN
patent	patentu	MASC;INAN
pałac	pałacu	MASC;INAN
pediatra	pediatry	MASC;HUM
penis	penisa	MASC;INAN
peron	peronu	MASC;INAN
perz	perzu	MASC;INAN
perła	perły	FEM
pewnik	pewnika	MASC;INAN
pewność	pewności	FEM
piana	piany	FEM
pianino	pianina	NEUT
piekarka	piekarki	FEM
pierdyliard	pierdyliarda	MASC;INAN
pierdylion	pierdyliona	MASC;INAN
piernik	piernika	MASC;INAN
pierścień	pierścienia	MASC;INAN
pilnik	pilnika	MASC;INAN
piryt	pirytu	MASC;INAN
pisarz	pisarza	MASC;HUM
piszczel	piszczeli	FEM
piórnik	piórnika	MASC;INAN
piędź	piędzi	FEM
piętka	piętki	FEM
piłeczka	piłeczki	FEM
piłkarz	piłkarza	MASC;HUM
plaster	plastra	MASC;INAN
platan	platanu	MASC;INAN
plotka	plotki	FEM
plucha	pluchy	FEM
poborca	poborcy	MASC;HUM
poczekalnia	poczekalni	FEM
podeszwa	podeszwy	FEM
podpis	podpisu	MASC;INAN
poeta	poety	MASC;HUM
poganin	poganina	MASC;HUM
pokład	pokładu	MASC;INAN
porażenie	porażenia	NEUT
porozumienie	porozumienia	NEUT
postęp	postępu	MASC;INAN
potomek	potomka	MASC;HUM
potylica	potylicy	FEM
powiernik	powiernika	MASC;HUM
poziomka	poziomki	FEM
połowa	połowy	FEM
pożoga	pożogi	FEM
praktyka	praktyki	FEM
praporządek	praporządku	MASC;INAN
prenumerata	prenumeraty	FEM
pretor	pretora	MASC;HUM
program	programu	MASC;INAN
prosię	prosięcia	NEUT
prostokąt	prostokąta	MASC;INAN
przedramię	przedramienia	NEUT
przedrostek	przedrostka	MASC;INAN
przekaźnik	przekaźnika	MASC;INAN
przekonanie	przekonania	NEUT
przemówienie	przemówienia	NEUT
przepierka	przepierki	FEM
przesmyk	przesmyku	MASC;INAN
przewrót	przewrotu	MASC;INAN
przewód	przewodu	MASC;INAN
przełęcz	przełęczy	FEM
przodkini	przodkini	FEM
przyjemność	przyjemności	FEM
przód	przodu	MASC;INAN
psina	psiny	FEM
psychoterapeutka	psychoterapeutki	FEM
pumeks	pumeksu	MASC;INAN
punkt	punktu	MASC;INAN
puszczyk	puszczyka	MASC;ANIM
półfinalistka	półfinalistki	FEM
pęd	pędu	MASC;INAN
pęto	pęta	NEUT
radian	radiana	MASC;INAN
rama	ramy	FEM
ramol	ramola	MASC;HUM
rektor	rektora	MASC;HUM
reszta	reszty	FEM
rewolwer	rewolweru	MASC;INAN
riksza	rikszy	FEM
riposta	riposty	FEM
romansidło	romansidła	NEUT
rosomak	rosomaka	MASC;ANIM
rozbójnik	rozbójnika	MASC;HUM
rozpaczanie	rozpaczania	NEUT
rozstęp	rozstępu	MASC;INAN
rozszczepienie	rozszczepienia	NEUT
roślinożerca	roślinożercy	MASC;HUM
ruda	rudy	FEM
rudzik	rudzika	MASC;ANIM
rum	rumu	MASC;INAN
rym	rymu	MASC;INAN
rynna	rynny	FEM
rzeź	rzezi	FEM
różyczka	różyczki	FEM
samolot	samolotu	MASC;INAN
samouk	samouka	MASC;HUM
sanitariusz	sanitariusza	MASC;HUM
sałata	sałaty	FEM
sejf	sejfu	MASC;INAN
sekta	sekty	FEM
serduszko	serduszka	NEUT
siew	siewu	MASC;INAN
siniak	siniaka	MASC;INAN
siostra	siostry	FEM
siostrzenica	siostrzenicy	FEM
sonet	sonetu	MASC;INAN
spacerniak	spacerniaka	MASC;INAN
spekulant	spekulanta	MASC;HUM
spot	spotu	MASC;INAN
spowiednik	spowiednika	MASC;HUM
społeczeństwo	społeczeństwa	NEUT
spółgłoska	spółgłoski	FEM
stanowisko	stanowiska	NEUT
statystyka	statystyki	FEM
stała	stałej	FEM
step	stepu	MASC;INAN
sterta	sterty	FEM
stocznia	stoczni	FEM
strażnik	strażnika	MASC;HUM
struktura	struktury	FEM
strzelanie	strzelania	NEUT
strzeliwo	strzeliwa	NEUT
sufler	suflera	MASC;HUM
suknia	sukni	FEM
sułtan	sułtana	MASC;HUM
sweter	swetra	MASC;INAN
syndykalista	syndykalisty	MASC;HUM
szabas	szabasu	MASC;INAN
szachistka	szachistki	FEM
szalik	szalika	MASC;INAN
szantażysta	szantażysty	MASC;HUM
szczenię	szczenięcia	NEUT
szczepienie	szczepienia	NEUT
szczurzyca	szczurzycy	FEM
szczypiorek	szczypiorku	MASC;INAN
szczypta	szczypty	FEM
szef	szefa	MASC;HUM
szerszeń	szerszenia	MASC;ANIM
szlachcic	szlachcica	MASC;HUM
sznurowadło	sznurowadła	NEUT
szukajka	szukajki	FEM
słowo	słowa	NEUT
tablica	tablicy	FEM
taksówka	taksówki	FEM
tapir	tapira	MASC;ANIM
teczka	teczki	FEM
temblak	temblaka	MASC;INAN
terkotka	terkotki	FEM
test	testu	MASC;INAN
teściowa	teściowej	FEM
toluen	toluenu	MASC;INAN
ton	tonu	MASC;INAN
toporek	toporka	MASC;INAN
torba	torby	FEM
transparent	transparentu	MASC;INAN
traszka	traszki	FEM
treść	treści	FEM
trufla	trufli	FEM
tryk	tryka	MASC;ANIM
trzepot	trzepotu	MASC;INAN
trzymanie	trzymania	NEUT
trójeczka	trójeczki	FEM
turkus	turkusu	MASC;INAN
tydzień	tygodnia	MASC;INAN
tęczówka	tęczówki	FEM
uczulenie	uczulenia	NEUT
ulewa	ulewy	FEM
ulotka	ulotki	FEM
urolog	urologa	FEM
ustrojstwo	ustrojstwa	NEUT
uwaga	uwagi	FEM
uzda	uzdy	FEM
ułamek	ułamka	MASC;INAN
wachlarz	wachlarza	MASC;INAN
walet	waleta	MASC;ANIM
waluta	waluty	FEM
wampir	wampira	MASC;ANIM
wawrzyn	wawrzynu	MASC;INAN
wdech	wdechu	MASC;INAN
westchnienie	westchnienia	NEUT
wiatr	wiatru	MASC;INAN
widelec	widelca	MASC;INAN
wiec	wiecu	MASC;INAN
wielbłąd	wielbłąda	MASC;ANIM
wierzchowiec	wierzchowca	MASC;ANIM
wierzchołek	wierzchołka	MASC;INAN
wietnamczyk	wietnamczyka	MASC;HUM
wieśniak	wieśniaka	MASC;HUM
wilga	wilgi	FEM
wilk	wilka	MASC;ANIM
wiąz	wiązu	MASC;INAN
wjazd	wjazdu	MASC;INAN
wojak	wojaka	MASC;HUM
wojownik	wojownika	MASC;HUM
woźny	woźnego	MASC;HUM
wróg	wroga	MASC;HUM
wstrząs	wstrząsu	MASC;INAN
wychowanka	wychowanki	FEM
wydech	wydechu	MASC;INAN
wykopalisko	wykopaliska	NEUT
wynalazek	wynalazku	MASC;INAN
wyobraźnia	wyobraźni	FEM
wypoczynek	wypoczynku	MASC;INAN
wypowiedzenie	wypowiedzenia	NEUT
wyszukiwarka	wyszukiwarki	FEM
wzgórze	wzgórza	NEUT
wędkarz	wędkarza	MASC;HUM
węzeł	węzła	MASC;INAN
włamanie	włamania	NEUT
zakonnik	zakonnika	MASC;HUM
zaległość	zaległości	FEM
zaleta	zalety	FEM
zapowiedź	zapowiedzi	FEM
zapożyczenie	zapożyczenia	NEUT
zapytanie	zapytania	NEUT
zawieranie	zawierania	NEUT
zawór	zaworu	MASC;INAN
zdrada	zdrady	FEM
zeznanie	zeznania	NEUT
zgromadzenie	zgromadzenia	NEUT
zgryzota	zgryzoty	FEM
ziarno	ziarna	NEUT
ziobro	ziobra	NEUT
zlecenie	zlecenia	NEUT
zmierzch	zmierzchu	MASC;INAN
zmysł	zmysłu	MASC;INAN
znajomy	znajomego	MASC;HUM
zorza	zorzy	FEM
zośka	zośki	FEM
zwierzchnik	zwierzchnika	MASC;HUM
zwierzę	zwierzęcia	NEUT
zwitterjon	zwitterjonu	MASC;INAN
zwrotnik	zwrotnika	MASC;INAN
zysk	zysku	MASC;INAN
złotówka	złotówki	FEM
ładunek	ładunku	MASC;INAN
łata	łaty	FEM
łańcuch	łańcucha	MASC;INAN
łaźnia	łaźni	FEM
łechtaczka	łechtaczki	FEM
łodzik	łodzika	MASC;ANIM
łydka	łydki	FEM
łyko	łyka	NEUT
śloza	ślozy	FEM
śluzowiec	śluzowca	MASC;ANIM
śpiewak	śpiewaka	MASC;HUM
środa	środy	FEM
śruba	śruby	FEM
światłowód	światłowodu	MASC;INAN
świerszcz	świerszcza	MASC;ANIM
świetlówka	świetlówki	FEM
żaróweczka	żaróweczki	FEM
żarłok	żarłoka	MASC;HUM
żebrak	żebraka	MASC;HUM
żeglarka	żeglarki	FEM
żerowisko	żerowiska	NEUT
żyd	żyda	MASC;HUM
żywiciel	żywiciela	MASC;HUM
żywot	żywota	MASC;INAN
żądanie	żądania	NEUT
żłobek	żłobka	MASC;INAN
abonament	abonamentu	MASC;INAN
absolwent	absolwenta	MASC;HUM
abstynent	abstynenta	MASC;HUM
absurd	absurdu	MASC;INAN
akcelerometr	akcelerometru	MASC;INAN
aktywistka	aktywistki	FEM
alabaster	alabastru	MASC;INAN
alofon	alofonu	MASC;INAN
altówka	altówki	FEM
amazonka	amazonki	FEM
ambulans	ambulansu	MASC;INAN
amper	ampera	MASC;INAN
amyloid	amyloidu	MASC;INAN
ananas	ananasa	MASC;INAN
antropolog	antropologa	MASC;HUM
antyklina	antykliny	FEM
antyproton	antyprotonu	MASC;INAN
aparat	aparatu	MASC;INAN
apostoł	apostoła	MASC;HUM
apteka	apteki	FEM
ara	ary	FEM
arabus	arabusa	MASC;HUM
aromat	aromatu	MASC;INAN
artysta	artysty	MASC;HUM
asembler	asemblera	MASC;INAN
aspekt	aspektu	MASC;INAN
astronom	astronoma	MASC;HUM
autobus	autobusu	MASC;INAN
autoportret	autoportretu	MASC;INAN
azot	azotu	MASC;INAN
babeczka	babeczki	FEM
barłóg	barłogu	MASC;INAN
basen	basenu	MASC;INAN
basistka	basistki	FEM
bazalt	bazaltu	MASC;INAN
bednarz	bednarza	MASC;HUM
beka	beki	FEM
bekon	bekonu	MASC;INAN
beret	beretu	MASC;INAN
bezdomny	bezdomnego	MASC;HUM
białogłowa	białogłowy	FEM
bies	biesa	MASC;ANIM
biesiada	biesiady	FEM
biolog	biologa	MASC;HUM
biurwa	biurwy	FEM
blichtr	blichtru	MASC;INAN
boskość	boskości	FEM
bratowa	bratowej	FEM
brylant	brylantu	MASC;INAN
brzoskwinka	brzoskwinki	FEM
bukiew	bukwi	FEM
buldog	buldoga	MASC;ANIM
buntownik	buntownika	MASC;HUM
bursztyn	bursztynu	MASC;INAN
burza	burzy	FEM
buteleczka	buteleczki	FEM
bułka	bułki	FEM
bywalec	bywalca	MASC;HUM
bóg	boga	MASC;HUM
błona	błony	FEM
błotnik	błotnika	MASC;INAN
cecha	cechy	FEM
cegłówka	cegłówki	FEM
cenobita	cenobity	MASC;HUM
centymetr	centymetra	MASC;INAN
chart	charta	MASC;ANIM
chmurka	chmurki	FEM
chodnik	chodnika	MASC;INAN
choineczka	choineczki	FEM
choróbsko	choróbska	NEUT
chrześcijanin	chrześcijanina	MASC;HUM
chrześniak	chrześniaka	MASC;HUM
chłosta	chłosty	FEM
ciemność	ciemności	FEM
ciesak	ciesaka	MASC;INAN
ciocia	cioci	FEM
ciota	cioty	FEM
cipka	cipki	FEM
cnota	cnoty	FEM
cwel	cwela	MASC;HUM
cysterna	cysterny	FEM
czapla	czapli	FEM
czas	czasu	MASC;INAN
czeluść	czeluści	FEM
czepek	czepka	MASC;INAN
czerep	czerepa	MASC;INAN
czoło	czoła	NEUT
czubek	czubka	MASC;ANIM
czwartek	czwartku	MASC;INAN
człowieczeństwo	człowieczeństwa	NEUT
człowiek	człowieka	MASC;HUM
córeczka	córeczki	FEM
dachowiec	dachowca	MASC;ANIM
dekan	dekanu	MASC;INAN
delikwent	delikwenta	MASC;HUM
deszczyk	deszczyku	MASC;INAN
dewotka	dewotki	FEM
dioda	diody	FEM
dom	domu	MASC;INAN
domator	domatora	MASC;HUM
dowcip	dowcipu	MASC;INAN
dresiarz	dresiarza	MASC;HUM
dreszcz	dreszczu	MASC;INAN
drewniak	drewniaka	MASC;INAN
drganie	drgania	NEUT
drożdżówka	drożdżówki	FEM
dupodajka	dupodajki	FEM
dworka	dworki	FEM
dyrektor	dyrektora	MASC;HUM
działo	działa	NEUT
dziecko	dziecka	NEUT
dziwak	dziwaka	MASC;HUM
dzięcielina	dzięcieliny	FEM
dzwonek	dzwonka	MASC;INAN
dół	dołu	MASC;INAN
długopis	długopisu	MASC;INAN
długość	długości	FEM
dżudoczka	dżudoczki	FEM
egiptolog	egiptologa	MASC;HUM
egoista	egoisty	MASC;HUM
egzonim	egzonimu	MASC;INAN
ekwilibrysta	ekwilibrysty	MASC;HUM
enter	entera	MASC;INAN
entuzjasta	entuzjasty	MASC;HUM
epenteza	epentezy	FEM
epizod	epizodu	MASC;INAN
epoka	epoki	FEM
eremita	eremity	MASC;HUM
etan	etanu	MASC;INAN
etap	etapu	MASC;INAN
europejczyk	europejczyka	MASC;HUM
fala	fali	FEM
farma	farmy	FEM
farmazon	farmazona	MASC;INAN
fasola	fasoli	FEM
fideista	fideisty	MASC;HUM
filiżanka	filiżanki	FEM
filologia	filologii	FEM
flota	floty	FEM
fortel	fortelu	MASC;INAN
foryś	forysia	MASC;HUM
fundament	fundamentu	MASC;INAN
gastrofaza	gastrofazy	FEM
gałąź	gałęzi	FEM
geodeta	geodety	MASC;HUM
gimnazjum	gimnazjum	NEUT
gluon	gluonu	MASC;INAN
gniazdko	gniazdka	NEUT
godzina	godziny	FEM
gospodyni	gospodyni	FEM
gołąbek	gołąbka	MASC;ANIM
grafoskop	grafoskopu	MASC;INAN
granica	granicy	FEM
grobowiec	grobowca	MASC;INAN
grunt	gruntu	MASC;INAN
grupa	grupy	FEM
grzałka	grzałki	FEM
grzywka	grzywki	FEM
grób	grobu	MASC;INAN
guawa	guawy	FEM
gwara	gwary	FEM
haczyk	haczyka	MASC;INAN
haft	haftu	MASC;INAN
hala	hali	FEM
handlarka	handlarki	FEM
harfa	harfy	FEM
hebel	hebla	MASC;INAN
herb	herbu	MASC;INAN
herbaciarnia	herbaciarni	FEM
hieroglif	hieroglifu	MASC;INAN
huta	huty	FEM
imam	imama	MASC;HUM
imię	imienia	NEUT
indonezyjczyk	indonezyjczyka	MASC;HUM
informatyk	informatyka	MASC;HUM
insulina	insuliny	FEM
introligator	introligatora	MASC;HUM
intryga	intrygi	FEM
istnienie	istnienia	NEUT
jabol	jabola	MASC;ANIM
jabłecznik	jabłecznika	MASC;INAN
janczar	janczara	MASC;HUM
japoniec	japońca	MASC;HUM
jarząb	jarzębu	MASC;INAN
jaspis	jaspisu	MASC;INAN
jaźwiec	jaźwca	MASC;ANIM
jehowiec	jehowca	MASC;HUM
jeniec	jeńca	MASC;HUM
jeździec	jeźdźca	MASC;HUM
jeżówka	jeżówki	FEM
kabriolet	kabrioleta	MASC;INAN
kaczuszka	kaczuszki	FEM
kalka	kalki	FEM
kalorymetr	kalorymetru	MASC;INAN
kanapka	kanapki	FEM
kapitalista	kapitalisty	MASC;HUM
kapuś	kapusia	MASC;HUM
karabinek	karabinka	MASC;INAN
karbieniec	karbieńca	MASC;INAN
karteczka	karteczki	FEM
kartkówka	kartkówki	FEM
kask	kasku	MASC;INAN
katechizm	katechizmu	MASC;INAN
kałuża	kałuży	FEM
kibel	kibla	MASC;INAN
kijanka	kijanki	FEM
kilometr	kilometra	MASC;INAN
kit	kitu	MASC;INAN
klasa	klasy	FEM
kleszcz	kleszcza	MASC;ANIM
klinga	klingi	FEM
kliper	klipra	MASC;INAN
knebel	knebla	MASC;INAN
kod	kodu	MASC;INAN
kojot	kojota	MASC;ANIM
kokornak	kokornaka	MASC;INAN
kolumbarium	kolumbarium	NEUT
kolumna	kolumny	FEM
komentarz	komentarza	MASC;INAN
kompilator	kompilatora	MASC;INAN
komuna	komuny	FEM
konar	konaru	MASC;INAN
kondom	kondomu	MASC;INAN
konserwant	konserwantu	MASC;INAN
kontrprzykład	kontrprzykładu	MASC;INAN
korekta	korekty	FEM
korkociąg	korkociągu	MASC;INAN
kornwalijczyk	kornwalijczyka	MASC;HUM
koronnik	koronnika	MASC;ANIM
korowód	korowodu	MASC;INAN
korzyść	korzyści	FEM
kosmonautka	kosmonautki	FEM
kostka	kostki	FEM
koszyk	koszyka	MASC;INAN
koteczek	koteczka	MASC;ANIM
kowadełko	kowadełka	NEUT
kośba	kośby	FEM
krajalnica	krajalnicy	FEM
krasnodrzew	krasnodrzewu	MASC;INAN
krojczy	krojczego	MASC;HUM
krokiew	krokwi	FEM
kromka	kromki	FEM
kropidło	kropidła	NEUT
kropielnica	kropielnicy	FEM
kropka	kropki	FEM
krosno	krosna	NEUT
krucjata	krucjaty	FEM
kruszczyk	kruszczyka	MASC;INAN
krzemian	krzemianu	MASC;INAN
krzyżówka	krzyżówki	FEM
krążownik	krążownika	MASC;INAN
kulon	kulona	MASC;ANIM
kuper	kupra	MASC;INAN
kurteczka	kurteczki	FEM
kutafon	kutafona	MASC;HUM
kwiz	kwizu	MASC;INAN
kądziel	kądzieli	FEM
kłamstwo	kłamstwa	NEUT
kłusownik	kłusownika	MASC;HUM
lawina	lawiny	FEM
lechita	lechity	MASC;HUM
lekarz	lekarza	MASC;HUM
lemat	lematu	MASC;INAN
leming	leminga	MASC;ANIM
lepra	lepry	FEM
leukocyt	leukocytu	MASC;INAN
liana	liany	FEM
liczebnik	liczebnika	MASC;INAN
liga	ligi	FEM
lisię	lisięcia	NEUT
liść	liścia	MASC;INAN
lokomotywa	lokomotywy	FEM
lokówka	lokówki	FEM
lubrykant	lubrykanta	MASC;INAN
lumen	lumena	MASC;INAN
lunatyk	lunatyka	MASC;HUM
luty	lutego	MASC;INAN
lwiątko	lwiątka	NEUT
lądowisko	lądowiska	NEUT
makrela	makreli	FEM
malowanie	malowania	NEUT
mandaryn	mandaryna	MASC;HUM
mangusta	mangusty	FEM
manifest	manifestu	MASC;INAN
marzenie	marzenia	NEUT
mauzoleum	mauzoleum	NEUT
małżonka	małżonki	FEM
maź	mazi	FEM
mechanik	mechanika	MASC;HUM
mecz	meczu	MASC;INAN
medal	medalu	MASC;INAN
medalion	medalionu	MASC;INAN
melancholik	melancholika	MASC;HUM
mennica	mennicy	FEM
meta	mety	FEM
meteoryt	meteorytu	MASC;INAN
metionina	metioniny	FEM
mezosfera	mezosfery	FEM
miara	miary	FEM
mitoza	mitozy	FEM
miłośnik	miłośnika	MASC;HUM
moc	mocy	FEM
modliszka	modliszki	FEM
mogiła	mogiły	FEM
montownia	montowni	FEM
morświn	morświna	MASC;ANIM
mostek	mostka	MASC;INAN
muskuł	muskułu	MASC;INAN
muslim	muslima	MASC;HUM
muzeum	muzeum	NEUT
muzułmanin	muzułmanina	MASC;HUM
mysz	myszy	FEM
myślnik	myślnika	MASC;INAN
mąciciel	mąciciela	MASC;HUM
mędrzec	mędrca	MASC;HUM
młode	młodego	NEUT
młotek	młotka	MASC;INAN
młyn	młyna	MASC;INAN
nabywca	nabywcy	MASC;HUM
nadużycie	nadużycia	NEUT
nagroda	nagrody	FEM
naleśnik	naleśnika	MASC;INAN
namiot	namiotu	MASC;INAN
naparstnica	naparstnicy	FEM
naprawa	naprawy	FEM
narzędnik	narzędnika	MASC;INAN
narzędzie	narzędzia	NEUT
nawa	nawy	FEM
neutrino	neutrina	NEUT
nibynóżka	nibynóżki	FEM
niedziela	niedzieli	FEM
nierówność	nierówności	FEM
niewiasta	niewiasty	FEM
niteczka	niteczki	FEM
nitownica	nitownicy	FEM
noc	nocy	FEM
nocka	nocki	FEM
nora	nory	FEM
nośnik	nośnika	MASC;INAN
numerowanie	numerowania	NEUT
obcokrajowiec	obcokrajowca	MASC;HUM
objaw	objawu	MASC;INAN
obora	obory	FEM
obręcz	obręczy	FEM
obszar	obszaru	MASC;INAN
obywatelstwo	obywatelstwa	NEUT
oczywistość	oczywistości	FEM
odbiornik	odbiornika	MASC;INAN
odporność	odporności	FEM
odpływ	odpływu	MASC;INAN
ogniskowa	ogniskowej	FEM
ogrzewacz	ogrzewacza	MASC;INAN
okno	okna	NEUT
okrąg	okręgu	MASC;INAN
okulistka	okulistki	FEM
olimpiada	olimpiady	FEM
om	oma	MASC;INAN
opal	opalu	MASC;INAN
opowieść	opowieści	FEM
oprawca	oprawcy	MASC;HUM
optymista	optymisty	MASC;HUM
order	orderu	MASC;INAN
organistka	organistki	FEM
orkiestra	orkiestry	FEM
orlę	orlęcia	NEUT
ormianin	ormianina	MASC;HUM
osad	osadu	MASC;INAN
oskard	oskarda	MASC;INAN
oszczerstwo	oszczerstwa	NEUT
oszołom	oszołoma	MASC;HUM
otwór	otworu	MASC;INAN
oścień	ościenia	MASC;INAN
pachnidło	pachnidła	NEUT
palacz	palacza	MASC;HUM
palant	palanta	MASC;ANIM
palindrom	palindromu	MASC;INAN
papierek	papierka	MASC;INAN
paproć	paproci	FEM
parias	pariasa	MASC;HUM
partykuła	partykuły	FEM
parów	parowu	MASC;INAN
pas	pasa	MASC;INAN
pasat	pasatu	MASC;INAN
pasjans	pasjansu	MASC;ANIM
patafian	patafiana	MASC;HUM
patriarcha	patriarchy	MASC;HUM
pawian	pawiana	MASC;ANIM
peruka	peruki	FEM
pesymistka	pesymistki	FEM
pidżama	pidżamy	FEM
pierdoła	pierdoły	FEM
pierś	piersi	FEM
pierścienica	pierścienicy	FEM
piesek	pieska	MASC;ANIM
pieśń	pieśni	FEM
piorun	pioruna	MASC;INAN
pisklak	pisklaka	MASC;ANIM
pizda	pizdy	FEM
pizza	pizzy	FEM
pióro	pióra	NEUT
pięciokąt	pięciokąta	MASC;INAN
plan	planu	MASC;INAN
plansza	planszy	FEM
plemnik	plemnika	MASC;INAN
plomba	plomby	FEM
pochodna	pochodnej	FEM
pocztówka	pocztówki	FEM
podejrzenie	podejrzenia	NEUT
podgrupa	podgrupy	FEM
podtlenek	podtlenku	MASC;INAN
podwiązka	podwiązki	FEM
pojeb	pojeba	MASC;HUM
pojęcie	pojęcia	NEUT
pokaz	pokazu	MASC;INAN
pokłosie	pokłosia	NEUT
polaczek	polaczka	MASC;HUM
polisacharyd	polisacharydu	MASC;INAN
pomoc	pomocy	FEM
popiół	popiołu	MASC;INAN
porodówka	porodówki	FEM
portugalczyk	portugalczyka	MASC;HUM
poszkodowany	poszkodowanego	MASC;HUM
potrzos	potrzosa	MASC;ANIM
powiedzenie	powiedzenia	NEUT
powieść	powieści	FEM
poza	pozy	FEM
pozytywka	pozytywki	FEM
południe	południa	NEUT
prasa	prasy	FEM
prawda	prawdy	FEM
prominent	prominenta	MASC;HUM
prostownica	prostownicy	FEM
protokół	protokołu	MASC;INAN
przedmieście	przedmieścia	NEUT
przedmowa	przedmowy	FEM
przedszkole	przedszkola	NEUT
przejaw	przejawu	MASC;INAN
przelew	przelewu	MASC;INAN
przemiana	przemiany	FEM
przeobrażenie	przeobrażenia	NEUT
przeprowadzka	przeprowadzki	FEM
przesada	przesady	FEM
przestępstwo	przestępstwa	NEUT
przywódca	przywódcy	MASC;HUM
psałterz	psałterza	MASC;INAN
psycholożka	psycholożki	FEM
pszczoła	pszczoły	FEM
ptaszysko	ptaszyska	NEUT
pustka	pustki	FEM
pułapka	pułapki	FEM
półpiętro	półpiętra	NEUT
pętelka	pętelki	FEM
pętla	pętli	FEM
płachta	płachty	FEM
płaz	płaza	MASC;ANIM
płaziniec	płazińca	MASC;ANIM
płuco	płuca	NEUT
płód	płodu	MASC;INAN
racica	racicy	FEM
radiobusola	radiobusoli	FEM
radło	radła	NEUT
rana	rany	FEM
raport	raportu	MASC;INAN
ratownik	ratownika	MASC;HUM
remis	remisu	MASC;INAN
republika	republiki	FEM
rodzajnik	rodzajnika	MASC;INAN
rogówka	rogówki	FEM
rok	roku	MASC;INAN
rozprawa	rozprawy	FEM
rozruch	rozruchu	MASC;INAN
roztwór	roztworu	MASC;INAN
rubin	rubinu	MASC;INAN
rynek	rynku	MASC;INAN
rysunek	rysunku	MASC;INAN
rzeźnik	rzeźnika	MASC;HUM
rzutnik	rzutnika	MASC;INAN
rzymianin	rzymianina	MASC;HUM
równoległościan	równoległościanu	MASC;INAN
sad	sadu	MASC;INAN
samostrzał	samostrzału	MASC;INAN
samozwaniec	samozwańca	MASC;HUM
samuraj	samuraja	MASC;HUM
sarkazm	sarkazmu	MASC;INAN
schizofrenik	schizofrenika	MASC;HUM
schowek	schowka	MASC;INAN
schronisko	schroniska	NEUT
scyzoryk	scyzoryka	MASC;INAN
sekunda	sekundy	FEM
senat	senatu	MASC;INAN
set	seta	MASC;INAN
siarczyn	siarczynu	MASC;INAN
sieroctwo	sieroctwa	NEUT
sierp	sierpa	MASC;INAN
skalnica	skalnicy	FEM
skamieniałość	skamieniałości	FEM
skarbiec	skarbca	MASC;INAN
skarpeta	skarpety	FEM
skałotocz	skałotocza	MASC;ANIM
skrawek	skrawka	MASC;INAN
skrzele	skrzela	NEUT
slogan	sloganu	MASC;INAN
spektrum	spektrum	NEUT
spierdolina	spierdoliny	FEM
spisek	spisku	MASC;INAN
sportowiec	sportowca	MASC;HUM
spowiedź	spowiedzi	FEM
sprzątaczka	sprzątaczki	FEM
sprzęt	sprzętu	MASC;INAN
spór	sporu	MASC;INAN
ssak	ssaka	MASC;ANIM
standard	standardu	MASC;INAN
sterownik	sterownika	MASC;INAN
stojan	stojana	MASC;INAN
stolik	stolika	MASC;INAN
strata	straty	FEM
strumień	strumienia	MASC;INAN
struna	struny	FEM
strych	strychu	MASC;INAN
strzała	strzały	FEM
strzelba	strzelby	FEM
strzemienny	strzemiennego	MASC;ANIM
strzyżyk	strzyżyka	MASC;ANIM
sukinsyn	sukinsyna	MASC;HUM
sura	sury	FEM
surówka	surówki	FEM
swat	swata	MASC;HUM
sygnał	sygnału	MASC;INAN
synowa	synowej	FEM
system	systemu	MASC;INAN
szabat	szabatu	MASC;INAN
szacunek	szacunku	MASC;INAN
szariat	szariatu	MASC;INAN
szczęka	szczęki	FEM
szerokość	szerokości	FEM
szkapa	szkapy	FEM
szkutnik	szkutnika	MASC;HUM
szlauch	szlaucha	MASC;INAN
szmugler	szmuglera	MASC;HUM
szpinet	szpinetu	MASC;INAN
szpital	szpitala	MASC;INAN
szrot	szrotu	MASC;INAN
szyba	szyby	FEM
szyja	szyi	FEM
sąd	sądu	MASC;INAN
słonko	słonka	NEUT
słoweniec	słoweńca	MASC;HUM
służba	służby	FEM
tabernakulum	tabernakulum	NEUT
tajemnica	tajemnicy	FEM
tanatopraksja	tanatopraksji	FEM
tankowiec	tankowca	MASC;INAN
tapeta	tapety	FEM
tchawica	tchawicy	FEM
temat	tematu	MASC;INAN
traumatolog	traumatologa	MASC;HUM
troposfera	troposfery	FEM
trud	trudu	MASC;INAN
truskawka	truskawki	FEM
tryb	trybu	MASC;INAN
turniej	turnieju	MASC;INAN
tyranozaur	tyranozaura	MASC;ANIM
tytuł	tytułu	MASC;INAN
ubezpieczenie	ubezpieczenia	NEUT
uczynek	uczynku	MASC;INAN
umiejętność	umiejętności	FEM
umysł	umysłu	MASC;INAN
uosobienie	uosobienia	NEUT
upośledzenie	upośledzenia	NEUT
uszczerbek	uszczerbku	MASC;INAN
uzbek	uzbeka	MASC;HUM
wagon	wagonu	MASC;INAN
walizka	walizki	FEM
walka	walki	FEM
wasal	wasala	MASC;HUM
wat	wata	MASC;INAN
waćpan	waćpana	MASC;HUM
wektor	wektora	MASC;INAN
werbena	werbeny	FEM
werbownik	werbownika	MASC;HUM
wiano	wiana	NEUT
widownia	widowni	FEM
widz	widza	MASC;HUM
wielokropek	wielokropka	MASC;INAN
wierny	wiernego	MASC;HUM
wilżyna	wilżyny	FEM
winiacz	winiacza	MASC;INAN
winorośl	winorośli	FEM
wioska	wioski	FEM
wiosna	wiosny	FEM
witamina	witaminy	FEM
wiązówka	wiązówki	FEM
wkręt	wkrętu	MASC;INAN
wniosek	wniosku	MASC;INAN
woda	wody	FEM
wole	wola	NEUT
woskówka	woskówki	FEM
wrzód	wrzodu	MASC;INAN
wspólnota	wspólnoty	FEM
wstążka	wstążki	FEM
wszechświat	wszechświata	MASC;INAN
wygnaniec	wygnańca	MASC;HUM
wygłup	wygłupa	MASC;INAN
wyludnienie	wyludnienia	NEUT
wymuszenie	wymuszenia	NEUT
wypadek	wypadku	MASC;INAN
wyrko	wyrka	NEUT
wyrzutek	wyrzutka	MASC;HUM
wyznawca	wyznawcy	MASC;HUM
wyż	wyżu	MASC;INAN
wyżymaczka	wyżymaczki	FEM
wóda	wódy	FEM
wątpliwość	wątpliwości	FEM
wątroba	wątroby	FEM
wąwóz	wąwozu	MASC;INAN
węgieł	węgła	MASC;INAN
węgrzyn	węgrzyna	MASC;HUM
zabójstwo	zabójstwa	NEUT
zachód	zachodu	MASC;INAN
zainteresowanie	zainteresowania	NEUT
zajawka	zajawki	FEM
zakała	zakały	FEM
zakonnica	zakonnicy	FEM
zaliczka	zaliczki	FEM
zamachowiec	zamachowca	MASC;HUM
zamieć	zamieci	FEM
zapalenie	zapalenia	NEUT
zapalniczka	zapalniczki	FEM
zatrwian	zatrwianu	MASC;INAN
zefir	zefiru	MASC;INAN
zeszyt	zeszytu	MASC;INAN
zew	zwu	MASC;INAN
zgliszcze	zgliszcza	NEUT
zielony	zielonego	MASC;ANIM
zięba	zięby	FEM
zięć	zięcia	MASC;HUM
znajomość	znajomości	FEM
zniszczenie	zniszczenia	NEUT
zwierzątko	zwierzątka	NEUT
ząb	zęba	MASC;INAN
łapówka	łapówki	FEM
łokieć	łokcia	MASC;INAN
łono	łona	NEUT
łoszak	łoszaka	MASC;ANIM
łozówka	łozówki	FEM
łuczywo	łuczywa	NEUT
łza	łzy	FEM
ściema	ściemy	FEM
ścięgno	ścięgna	NEUT
śledziona	śledziony	FEM
śliweczka	śliweczki	FEM
ślub	ślubu	MASC;INAN
śmieciówka	śmieciówki	FEM
śmierdziel	śmierdziela	MASC;HUM
śmietana	śmietany	FEM
śmietnik	śmietnika	MASC;INAN
śniadanie	śniadania	NEUT
śpiwór	śpiwora	MASC;INAN
światłość	światłości	FEM
źródłosłów	źródłosłowu	MASC;INAN
żołnierz	żołnierza	MASC;HUM
żubroń	żubronia	MASC;ANIM
żuk	żuka	MASC;ANIM
żyletka	żyletki	FEM
żółtek	żółtka	MASC;HUM
abiturient	abiturienta	MASC;HUM
absolwentka	absolwentki	FEM
agrafka	agrafki	FEM
agrest	agrestu	MASC;INAN
akwarium	akwarium	NEUT
alfabet	alfabetu	MASC;INAN
altruista	altruisty	MASC;HUM
ambaras	ambarasu	MASC;INAN
amerykanizm	amerykanizmu	MASC;INAN
anakonda	anakondy	FEM
anglik	anglika	MASC;HUM
anons	anonsu	MASC;INAN
antena	anteny	FEM
antyszczepionkowiec	antyszczepionkowca	MASC;HUM
apgrejd	apgrejdu	MASC;INAN
apoteoza	apoteozy	FEM
aptekarz	aptekarza	MASC;HUM
arsenian	arsenianu	MASC;INAN
artykuł	artykułu	MASC;INAN
asteroida	asteroidy	FEM
asteryzm	asteryzmu	MASC;INAN
aula	auli	FEM
automat	automatu	MASC;INAN
autostopowicz	autostopowicza	MASC;HUM
azotan	azotanu	MASC;INAN
bal	balu	MASC;INAN
banknot	banknotu	MASC;INAN
barbarzyńca	barbarzyńcy	MASC;HUM
bareizm	bareizmu	MASC;INAN
batat	batata	MASC;ANIM
baton	batonu	MASC;INAN
batyskaf	batyskafu	MASC;INAN
bawełna	bawełny	FEM
bażant	bażanta	MASC;ANIM
bemol	bemola	MASC;INAN
bielik	bielika	MASC;ANIM
bieluń	bieluni	FEM
biznesmen	biznesmena	MASC;HUM
bizon	bizona	MASC;ANIM
bluszczyk	bluszczyku	MASC;INAN
bodziec	bodźca	MASC;INAN
boisko	boiska	NEUT
boksyt	boksytu	MASC;INAN
brojler	brojlera	MASC;ANIM
browek	browka	MASC;ANIM
browiec	browca	MASC;ANIM
bruzda	bruzdy	FEM
brzoza	brzozy	FEM
buc	buca	MASC;ANIM
buddystka	buddystki	FEM
budulec	budulca	MASC;INAN
budżet	budżetu	MASC;INAN
bóstwo	bóstwa	NEUT
bęben	bębna	MASC;INAN
błoto	błota	NEUT
cadyk	cadyka	MASC;HUM
ceber	cebra	MASC;INAN
cesarka	cesarki	FEM
cezar	cezara	MASC;HUM
chan	chana	MASC;HUM
chałupa	chałupy	FEM
chrzcielnica	chrzcielnicy	FEM
chwilka	chwilki	FEM
chłam	chłamu	MASC;INAN
chłopiec	chłopca	MASC;HUM
cmentarz	cmentarza	MASC;INAN
cnotka	cnotki	FEM
cygan	cygana	MASC;HUM
cytra	cytry	FEM
czajka	czajki	FEM
czaprak	czapraka	MASC;INAN
czołg	czołgu	MASC;INAN
czuwasz	czuwasza	MASC;HUM
czworokąt	czworokąta	MASC;INAN
czwóreczka	czwóreczki	FEM
częstotliwość	częstotliwości	FEM
dalmatyńczyk	dalmatyńczyka	MASC;ANIM
decha	dechy	FEM
diadem	diademu	MASC;INAN
diagram	diagramu	MASC;INAN
diaks	diaksu	MASC;INAN
dojrzałość	dojrzałości	FEM
dola	doli	FEM
domownik	domownika	MASC;HUM
drań	drania	MASC;HUM
drewno	drewna	NEUT
drumla	drumli	FEM
drzazga	drzazgi	FEM
drągal	drągala	MASC;HUM
dudziarz	dudziarza	MASC;HUM
dworzec	dworca	MASC;INAN
dwunastnica	dwunastnicy	FEM
dyktando	dyktanda	NEUT
dzielenie	dzielenia	NEUT
dzierżawa	dzierżawy	FEM
dziewczyna	dziewczyny	FEM
dziupla	dziupli	FEM
dziura	dziury	FEM
dęga	dęgi	FEM
dźwig	dźwigu	MASC;INAN
dżdżownica	dżdżownicy	FEM
e-mail	e-maila	MASC;INAN
ekierka	ekierki	FEM
elektroda	elektrody	FEM
emir	emira	MASC;HUM
eufemizm	eufemizmu	MASC;INAN
fagot	fagotu	MASC;INAN
fajek	fajka	MASC;ANIM
faktura	faktury	FEM
faraon	faraona	MASC;HUM
farmaceutka	farmaceutki	FEM
fałszerz	fałszerza	MASC;HUM
filolog	filologa	MASC;HUM
fizyk	fizyka	MASC;HUM
flaga	flagi	FEM
flecista	flecisty	MASC;HUM
fok	foka	MASC;INAN
forint	forinta	MASC;ANIM
furmanka	furmanki	FEM
garnizon	garnizonu	MASC;INAN
gaśnica	gaśnicy	FEM
generał	generała	MASC;HUM
gepard	geparda	MASC;ANIM
ginekolog	ginekologa	MASC;HUM
glina	gliny	FEM
glut	gluta	MASC;INAN
gnida	gnidy	FEM
gorączka	gorączki	FEM
goździk	goździka	MASC;ANIM
grafika	grafiki	FEM
gramatyka	gramatyki	FEM
grań	grani	FEM
grek	greka	MASC;HUM
grota	groty	FEM
groźba	groźby	FEM
grudzień	grudnia	MASC;INAN
gruszeczka	gruszeczki	FEM
gród	grodu	MASC;INAN
głośnik	głośnika	MASC;INAN
hacham	hachama	MASC;HUM
hadron	hadrona	MASC;INAN
hamulec	hamulca	MASC;INAN
hangar	hangaru	MASC;INAN
hetman	hetmana	MASC;ANIM
hinduska	hinduski	FEM
holender	holendra	MASC;HUM
homomorfizm	homomorfizmu	MASC;INAN
homoseksualista	homoseksualisty	MASC;HUM
hostel	hostelu	MASC;INAN
humanista	humanisty	MASC;HUM
ichtiolog	ichtiologa	FEM
imbryk	imbryka	MASC;INAN
interes	interesu	MASC;INAN
izotop	izotopu	MASC;INAN
jagoda	jagody	FEM
jar	jaru	MASC;INAN
jaszczur	jaszczura	MASC;ANIM
jaszczurka	jaszczurki	FEM
jałmużna	jałmużny	FEM
jebadło	jebadła	NEUT
jednokładność	jednokładności	FEM
jednostka	jednostki	FEM
jemioła	jemioły	FEM
jerzyk	jerzyka	MASC;ANIM
jeżowiec	jeżowca	MASC;ANIM
jeżyk	jeżyka	MASC;ANIM
jon	jonu	MASC;INAN
jonosfera	jonosfery	FEM
kadź	kadzi	FEM
kaktus	kaktusa	MASC;INAN
kalafior	kalafiora	MASC;ANIM
kalkulator	kalkulatora	MASC;INAN
kamionka	kamionki	FEM
kanadyjka	kanadyjki	FEM
kandelabr	kandelabru	MASC;INAN
kant	kantu	MASC;INAN
kaon	kaonu	MASC;INAN
kapitel	kapitla	MASC;INAN
kapturka	kapturki	FEM
kapłan	kapłana	MASC;HUM
karaluch	karalucha	MASC;ANIM
karma	karmy	FEM
karykatura	karykatury	FEM
kasiarz	kasiarza	MASC;HUM
kasjerka	kasjerki	FEM
katakana	katakany	FEM
katalizator	katalizatora	MASC;INAN
katapulta	katapulty	FEM
kawalerka	kawalerki	FEM
kawka	kawki	FEM
kawon	kawona	MASC;INAN
kaznodzieja	kaznodziei	MASC;HUM
kibic	kibica	MASC;HUM
kielich	kielicha	MASC;INAN
kierowniczka	kierowniczki	FEM
kilowatogodzina	kilowatogodziny	FEM
kirkut	kirkutu	MASC;INAN
kleć	kleci	FEM
klin	klinu	MASC;INAN
klozet	klozetu	MASC;INAN
kluseczka	kluseczki	FEM
kobieta	kobiety	FEM
kochanka	kochanki	FEM
kociokwik	kociokwiku	MASC;INAN
kociątko	kociątka	NEUT
kokot	kokota	MASC;ANIM
kolos	kolosa	MASC;INAN
kometa	komety	FEM
kompozytor	kompozytora	MASC;HUM
komża	komży	FEM
konkurs	konkursu	MASC;INAN
koper	kopru	MASC;INAN
kopyto	kopyta	NEUT
korab	korabia	MASC;INAN
kosa	kosy	FEM
kosmopolita	kosmopolity	MASC;HUM
koszula	koszuli	FEM
kołpak	kołpaka	MASC;INAN
krab	kraba	MASC;ANIM
krajan	krajana	MASC;HUM
kropelka	kropelki	FEM
kruszec	kruszcu	MASC;INAN
kryjówka	kryjówki	FEM
krzak	krzaka	MASC;INAN
królowa	królowej	FEM
kręgosłup	kręgosłupa	MASC;INAN
książę	księcia	MASC;HUM
księstwo	księstwa	NEUT
kukułka	kukułki	FEM
kulomb	kulomba	MASC;INAN
kurator	kuratora	MASC;HUM
kurnik	kurnika	MASC;INAN
kurtka	kurtki	FEM
kwant	kwantu	MASC;INAN
kółko	kółka	NEUT
kłoda	kłody	FEM
laboratorium	laboratorium	NEUT
lada	lady	FEM
lantanowiec	lantanowca	MASC;INAN
latarnik	latarnika	MASC;HUM
lato	lata	NEUT
lina	liny	FEM
listek	listka	MASC;INAN
locha	lochy	FEM
lonża	lonży	FEM
lot	lotu	MASC;INAN
luna	luny	FEM
lupa	lupy	FEM
lutownica	lutownicy	FEM
macbook	macbooka	MASC;ANIM
maczuga	maczugi	FEM
mag	maga	MASC;HUM
magnes	magnesu	MASC;INAN
magnetowid	magnetowidu	MASC;INAN
majeranek	majeranku	MASC;INAN
majówka	majówki	FEM
malina	maliny	FEM
malinka	malinki	FEM
mamut	mamuta	MASC;ANIM
mandragora	mandragory	FEM
mapa	mapy	FEM
marchewnik	marchewnika	MASC;INAN
marynarka	marynarki	FEM
maskowanie	maskowania	NEUT
masochista	masochisty	MASC;HUM
maszynista	maszynisty	MASC;HUM
meduza	meduzy	FEM
meldunek	meldunku	MASC;INAN
menora	menory	FEM
meteor	meteora	MASC;INAN
metoda	metody	FEM
miano	miana	NEUT
mieszczanin	mieszczanina	MASC;HUM
mikroflora	mikroflory	FEM
mina	miny	FEM
mirt	mirtu	MASC;INAN
mistrz	mistrza	MASC;HUM
mięsień	mięśnia	MASC;INAN
miłość	miłości	FEM
mnich	mnicha	MASC;HUM
modem	modemu	MASC;INAN
monolog	monologu	MASC;INAN
monsun	monsunu	MASC;INAN
moroszka	moroszki	FEM
morszczuk	morszczuka	MASC;ANIM
morze	morza	NEUT
motorniczy	motorniczego	MASC;HUM
mość	mości	FEM
mulczowanie	mulczowania	NEUT
murarz	murarza	MASC;HUM
muza	muzy	FEM
mydelniczka	mydelniczki	FEM
myto	myta	NEUT
mówca	mówcy	MASC;HUM
nabycie	nabycia	NEUT
nachrapnik	nachrapnika	MASC;INAN
nadajnik	nadajnika	MASC;INAN
nadgarstek	nadgarstka	MASC;INAN
nadzieja	nadziei	FEM
nagrywarka	nagrywarki	FEM
najebka	najebki	FEM
nalewka	nalewki	FEM
nawóz	nawozu	MASC;INAN
nazwa	nazwy	FEM
nać	naci	FEM
niebyt	niebytu	MASC;INAN
niedorzecznik	niedorzecznika	MASC;HUM
nieporządek	nieporządku	MASC;INAN
nieruchomość	nieruchomości	FEM
nomada	nomady	MASC;HUM
nożyk	nożyka	MASC;INAN
nurek	nurka	MASC;HUM
obawa	obawy	FEM
oblicze	oblicza	NEUT
obojczyk	obojczyka	MASC;INAN
obrót	obrotu	MASC;INAN
obrączka	obrączki	FEM
obuwik	obuwika	MASC;INAN
ocelot	ocelota	MASC;ANIM
oczopląs	oczopląsu	MASC;INAN
oddech	oddechu	MASC;INAN
odtwarzacz	odtwarzacza	MASC;INAN
odwrotność	odwrotności	FEM
ogar	ogara	MASC;ANIM
ogr	ogra	MASC;ANIM
ojczyzna	ojczyzny	FEM
okolica	okolicy	FEM
okostna	okostnej	FEM
oliwka	oliwki	FEM
opalenizna	opalenizny	FEM
opiekun	opiekuna	MASC;HUM
opiłek	opiłka	MASC;INAN
ortopeda	ortopedy	MASC;HUM
osiedle	osiedla	NEUT
osika	osiki	FEM
osioł	osła	MASC;ANIM
oszustwo	oszustwa	NEUT
owoc	owocu	MASC;INAN
ośmiornica	ośmiornicy	FEM
pająk	pająka	MASC;ANIM
palaczka	palaczki	FEM
palma	palmy	FEM
paradoks	paradoksu	MASC;INAN
parking	parkingu	MASC;INAN
parlament	parlamentu	MASC;INAN
parówka	parówki	FEM
pasek	paska	MASC;INAN
paskal	paskala	MASC;INAN
patrycjusz	patrycjusza	MASC;HUM
patyna	patyny	FEM
pecet	peceta	MASC;ANIM
pejcz	pejcza	MASC;INAN
perkoz	perkoza	MASC;ANIM
petarda	petardy	FEM
pieczarka	pieczarki	FEM
piekło	piekła	NEUT
pingwin	pingwina	MASC;ANIM
piramida	piramidy	FEM
piącha	piąchy	FEM
piąchopiryna	piąchopiryny	FEM
piłka	piłki	FEM
planetarium	planetarium	NEUT
plazma	plazmy	FEM
plemię	plemienia	NEUT
plewa	plewy	FEM
pluskwa	pluskwy	FEM
poborowy	poborowego	MASC;HUM
pocałunek	pocałunku	MASC;INAN
pochodnia	pochodni	FEM
poczwarka	poczwarki	FEM
podgrzybek	podgrzybka	MASC;ANIM
podobieństwo	podobieństwa	NEUT
pogląd	poglądu	MASC;INAN
pogoda	pogody	FEM
pogrom	pogromu	MASC;INAN
pokos	pokosu	MASC;INAN
pole	pola	NEUT
polka	polki	FEM
polowanie	polowania	NEUT
pomnik	pomnika	MASC;INAN
poncz	ponczu	MASC;INAN
popielniczka	popielniczki	FEM
popręg	popręgu	MASC;INAN
popłoch	popłochu	MASC;INAN
por	pora	MASC;INAN
poranek	poranka	MASC;INAN
pornos	pornosa	MASC;ANIM
poronienie	poronienia	NEUT
portrecista	portrecisty	MASC;HUM
porzekadło	porzekadła	NEUT
posag	posagu	MASC;INAN
posążek	posążka	MASC;INAN
potok	potoku	MASC;INAN
położna	położnej	FEM
pośladek	pośladka	MASC;INAN
praca	pracy	FEM
pracodawca	pracodawcy	MASC;HUM
prawniczka	prawniczki	FEM
prefektura	prefektury	FEM
prezes	prezesa	MASC;HUM
prolog	prologu	MASC;INAN
prostopadłościan	prostopadłościanu	MASC;INAN
przechodzień	przechodnia	MASC;HUM
przedsiębiorstwo	przedsiębiorstwa	NEUT
przestępczość	przestępczości	FEM
przeszkoda	przeszkody	FEM
przesłuchanie	przesłuchania	NEUT
prześcieradło	prześcieradła	NEUT
przeżytek	przeżytku	MASC;INAN
przybysz	przybysza	MASC;HUM
przydawka	przydawki	FEM
przygoda	przygody	FEM
przylot	przylotu	MASC;INAN
przysłowie	przysłowia	NEUT
próg	progu	MASC;INAN
psychuszka	psychuszki	FEM
pudło	pudła	NEUT
pułk	pułku	MASC;INAN
pułkownik	pułkownika	MASC;HUM
pylon	pylonu	MASC;INAN
pyra	pyry	FEM
pytajnik	pytajnika	MASC;INAN
pyton	pytona	MASC;ANIM
półtorak	półtoraku	MASC;INAN
pączek	pączka	MASC;INAN
pątniczka	pątniczki	FEM
płaszczka	płaszczki	FEM
płeć	płci	FEM
radioamator	radioamatora	MASC;HUM
rasista	rasisty	MASC;HUM
raz	razu	MASC;INAN
rdzeń	rdzenia	MASC;INAN
rezultat	rezultatu	MASC;INAN
rodzina	rodziny	FEM
rola	roli	FEM
rowerzysta	rowerzysty	MASC;HUM
rozkład	rozkładu	MASC;INAN
rozmaryn	rozmarynu	MASC;INAN
rozwiązanie	rozwiązania	NEUT
ruczaj	ruczaju	MASC;INAN
rufa	rufy	FEM
ruja	rui	FEM
rusek	ruska	MASC;HUM
rydel	rydla	MASC;INAN
ryjówka	ryjówki	FEM
rysik	rysika	MASC;INAN
rzeczka	rzeczki	FEM
rzeżucha	rzeżuchy	FEM
rzut	rzutu	MASC;INAN
rzyg	rzygu	MASC;INAN
ród	rodu	MASC;INAN
równanie	równania	NEUT
równoleżnik	równoleżnika	MASC;INAN
sajgonka	sajgonki	FEM
samobójca	samobójcy	MASC;HUM
samobójstwo	samobójstwa	NEUT
sceptyk	sceptyka	MASC;HUM
schizma	schizmy	FEM
seksta	seksty	FEM
senior	seniora	MASC;HUM
septyma	septymy	FEM
serb	serba	MASC;HUM
sfinks	sfinksa	MASC;ANIM
siarczek	siarczku	MASC;INAN
siekacz	siekacza	MASC;INAN
siksa	siksy	FEM
siogun	sioguna	MASC;HUM
siostrzeniec	siostrzeńca	MASC;HUM
sitko	sitka	NEUT
skarga	skargi	FEM
skon	skonu	MASC;INAN
skorpion	skorpiona	MASC;ANIM
skrzydłowy	skrzydłowego	MASC;HUM
skrótowiec	skrótowca	MASC;INAN
skurwysyn	skurwysyna	MASC;HUM
slawista	slawisty	MASC;HUM
smak	smaku	MASC;INAN
snooker	snookera	MASC;INAN
soczewka	soczewki	FEM
spawacz	spawacza	MASC;HUM
spirytus	spirytusu	MASC;INAN
spięcie	spięcia	NEUT
spoiwo	spoiwa	NEUT
sprzedaż	sprzedaży	FEM
sreberko	sreberka	NEUT
starzec	starca	MASC;HUM
stawonóg	stawonoga	MASC;ANIM
sterburta	sterburty	FEM
stodoła	stodoły	FEM
stoisko	stoiska	NEUT
stolica	stolicy	FEM
stolnica	stolnicy	FEM
stołówka	stołówki	FEM
stroik	stroika	MASC;INAN
struga	strugi	FEM
stryj	stryja	MASC;HUM
strzelec	strzelca	MASC;HUM
stypendium	stypendium	NEUT
suka	suki	FEM
sum	suma	MASC;ANIM
susza	suszy	FEM
sutener	sutenera	MASC;HUM
szafa	szafy	FEM
szakal	szakala	MASC;ANIM
szałamaja	szałamai	FEM
szczecina	szczeciny	FEM
sześćdziesięciolatek	sześćdziesięciolatka	MASC;HUM
sznur	sznura	MASC;INAN
szogun	szoguna	MASC;HUM
szpadel	szpadla	MASC;INAN
szpara	szpary	FEM
szyk	szyku	MASC;INAN
szynka	szynki	FEM
szynszyla	szynszyli	FEM
sójka	sójki	FEM
sąsiad	sąsiada	MASC;HUM
sędzina	sędziny	FEM
sława	sławy	FEM
słodzik	słodzika	MASC;INAN
słonka	słonki	FEM
słowaczka	słowaczki	FEM
słowianin	słowianina	MASC;HUM
tajga	tajgi	FEM
tajnik	tajnika	MASC;INAN
taon	taonu	MASC;INAN
tata	taty	MASC;HUM
teatr	teatru	MASC;INAN
teks	teksu	MASC;INAN
tekst	tekstu	MASC;INAN
telenowela	telenoweli	FEM
teleskop	teleskopu	MASC;INAN
telewizor	telewizora	MASC;INAN
tempo	tempa	NEUT
tenisistka	tenisistki	FEM
terapeuta	terapeuty	MASC;HUM
termometr	termometru	MASC;INAN
termos	termosu	MASC;INAN
tir	tira	MASC;ANIM
toaleta	toalety	FEM
tom	tomu	MASC;INAN
topnik	topnika	MASC;INAN
topór	topora	MASC;INAN
torpeda	torpedy	FEM
tragarz	tragarza	MASC;HUM
transformator	transformatora	MASC;INAN
treonina	treoniny	FEM
trolejbus	trolejbusu	MASC;INAN
truchło	truchła	NEUT
truskaweczka	truskaweczki	FEM
trzepak	trzepaka	MASC;INAN
tuba	tuby	FEM
tulipanowiec	tulipanowca	MASC;INAN
turek	turka	MASC;HUM
tuz	tuza	MASC;ANIM
twórca	twórcy	MASC;HUM
tłumacz	tłumacza	MASC;HUM
tłumik	tłumika	MASC;INAN
uchodźca	uchodźcy	MASC;HUM
ucieleśnienie	ucieleśnienia	NEUT
ulica	ulicy	FEM
unik	uniku	MASC;INAN
upust	upustu	MASC;INAN
urodzenie	urodzenia	NEUT
urzędnik	urzędnika	MASC;HUM
ustawka	ustawki	FEM
ustępstwo	ustępstwa	NEUT
utwór	utworu	MASC;INAN
uziemienie	uziemienia	NEUT
uśmiech	uśmiechu	MASC;INAN
walijczyk	walijczyka	MASC;HUM
warga	wargi	FEM
warka	warki	FEM
warstwa	warstwy	FEM
warszawiak	warszawiaka	MASC;HUM
warunek	warunku	MASC;INAN
wataha	watahy	FEM
wejście	wejścia	NEUT
wentylator	wentylatora	MASC;INAN
weranda	werandy	FEM
werbel	werbla	MASC;INAN
weto	weta	NEUT
wiaterek	wiaterka	MASC;INAN
wiatrak	wiatraka	MASC;INAN
wicher	wichru	MASC;INAN
widnokrąg	widnokręgu	MASC;INAN
wieczerza	wieczerzy	FEM
wiek	wieku	MASC;INAN
wieko	wieka	NEUT
wielokąt	wielokątu	MASC;INAN
wierzbownica	wierzbownicy	FEM
wietnamiec	wietnamca	MASC;HUM
wieś	wsi	FEM
wigwam	wigwamu	MASC;INAN
wiolonczela	wiolonczeli	FEM
wiosło	wiosła	NEUT
wnuk	wnuka	MASC;HUM
wnętrze	wnętrza	NEUT
wojna	wojny	FEM
wołacz	wołacza	MASC;INAN
wybraniec	wybrańca	MASC;HUM
wykrzyknik	wykrzyknika	MASC;INAN
wyro	wyra	NEUT
wyróżnik	wyróżnika	MASC;INAN
wysypka	wysypki	FEM
wyzwanie	wyzwania	NEUT
wzorzec	wzorca	MASC;INAN
wzwód	wzwodu	MASC;INAN
wędrówka	wędrówki	FEM
węglan	węglanu	MASC;INAN
włość	włości	FEM
zad	zadu	MASC;INAN
zajazd	zajazdu	MASC;INAN
zajęczak	zajęczaka	MASC;ANIM
zakręt	zakrętu	MASC;INAN
zakład	zakładu	MASC;INAN
zakładnik	zakładnika	MASC;HUM
zapałka	zapałki	FEM
zaprzysiężenie	zaprzysiężenia	NEUT
zasłona	zasłony	FEM
zawciąg	zawciągu	MASC;INAN
zawistnik	zawistnika	MASC;HUM
zawodnik	zawodnika	MASC;HUM
zdradnica	zdradnicy	FEM
zgaga	zgagi	FEM
zgrzebło	zgrzebła	NEUT
ziom	zioma	MASC;HUM
zlew	zlewu	MASC;INAN
zuchwalstwo	zuchwalstwa	NEUT
zwiad	zwiadu	MASC;INAN
związkowiec	związkowca	MASC;HUM
ząbek	ząbka	MASC;INAN
złotówa	złotówy	FEM
ćwiek	ćwieka	MASC;INAN
ćwikła	ćwikły	FEM
łada	łady	FEM
ładowarka	ładowarki	FEM
łapa	łapy	FEM
ławka	ławki	FEM
łosoś	łososia	MASC;ANIM
łoza	łozy	FEM
łoś	łosia	MASC;ANIM
łuczniczka	łuczniczki	FEM
łyżka	łyżki	FEM
łódka	łódki	FEM
ściana	ściany	FEM
ściółka	ściółki	FEM
ślina	śliny	FEM
ślinotok	ślinotoku	MASC;INAN
śmieciarz	śmieciarza	MASC;HUM
śmiertelnik	śmiertelnika	MASC;HUM
średnik	średnika	MASC;INAN
śródrostek	śródrostka	MASC;INAN
świadek	świadka	MASC;HUM
świeca	świecy	FEM
świstak	świstaka	MASC;ANIM
świt	świtu	MASC;INAN
święto	święta	NEUT
źdźbło	źdźbła	NEUT
źrenica	źrenicy	FEM
żal	żalu	MASC;INAN
żałoba	żałoby	FEM
żegluga	żeglugi	FEM
żeneta	żenety	FEM
żona	żony	FEM
żużel	żużla	MASC;INAN
abaka	abaki	FEM
abnegat	abnegata	MASC;HUM
abonent	abonenta	MASC;HUM
aceton	acetonu	MASC;INAN
adept	adepta	MASC;HUM
agora	agory	FEM
agregat	agregatu	MASC;INAN
aleja	alei	FEM
alergolog	alergologa	MASC;HUM
alfa	alfy	FEM
alkin	alkinu	MASC;INAN
aloes	aloesu	MASC;INAN
alpaka	alpaki	FEM
ambona	ambony	FEM
amoniak	amoniaku	MASC;INAN
anegdota	anegdoty	FEM
angol	angola	MASC;HUM
anilina	aniliny	FEM
anioł	anioła	MASC;ANIM
aorta	aorty	FEM
ar	ara	MASC;INAN
arab	araba	MASC;HUM
arabka	arabki	FEM
aragonit	aragonitu	MASC;INAN
arbuz	arbuza	MASC;ANIM
aria	arii	FEM
asparagina	asparaginy	FEM
atmosfera	atmosfery	FEM
autobiografia	autobiografii	FEM
autograf	autografu	MASC;INAN
autor	autora	MASC;HUM
badanie	badania	NEUT
bajka	bajki	FEM
baks	baksa	MASC;ANIM
bakteriofag	bakteriofaga	MASC;ANIM
bankiet	bankietu	MASC;INAN
bankructwo	bankructwa	NEUT
barbarzyniec	barbarzyńca	MASC;HUM
barn	barnu	MASC;INAN
barwa	barwy	FEM
bas	basu	MASC;INAN
basista	basisty	MASC;HUM
bask	baska	MASC;HUM
batonik	batonika	MASC;ANIM
bazylika	bazyliki	FEM
bałałajka	bałałajki	FEM
belg	belga	MASC;HUM
bez	bzu	MASC;INAN
beza	bezy	FEM
białas	białasa	MASC;HUM
białorzytka	białorzytki	FEM
biblioteka	biblioteki	FEM
biceps	bicepsa	MASC;INAN
biodro	biodra	NEUT
biskup	biskupa	MASC;HUM
biustonosz	biustonosza	MASC;INAN
bloger	blogera	MASC;HUM
blok	bloku	MASC;INAN
bolec	bolca	MASC;INAN
bombka	bombki	FEM
bożnica	bożnicy	FEM
bransoletka	bransoletki	FEM
broda	brody	FEM
brodawnik	brodawnika	MASC;INAN
broszka	broszki	FEM
brzoskwinia	brzoskwini	FEM
bróg	brogu	MASC;INAN
buda	budy	FEM
bufon	bufona	MASC;HUM
bulwa	bulwy	FEM
burka	burki	FEM
bus	busa	MASC;ANIM
buzia	buzi	FEM
były	byłego	MASC;HUM
cech	cechu	MASC;INAN
cegiełka	cegiełki	FEM
celownik	celownika	MASC;INAN
centrum	centrum	NEUT
cerkiew	cerkwi	FEM
chałka	chałki	FEM
chinka	chinki	FEM
chips	chipsa	MASC;ANIM
chrzest	chrztu	MASC;INAN
chujnia	chujni	FEM
ciapaty	ciapatego	MASC;HUM
ciecz	cieczy	FEM
ciemiernik	ciemiernika	MASC;INAN
cieśnina	cieśniny	FEM
ciuch	ciucha	MASC;INAN
ciągnik	ciągnika	MASC;INAN
ciżba	ciżby	FEM
cotangens	cotangensa	MASC;INAN
cyfra	cyfry	FEM
cyrk	cyrku	MASC;INAN
cytrynka	cytrynki	FEM
czar	czaru	MASC;INAN
czarnoziem	czarnoziemu	MASC;INAN
czcionka	czcionki	FEM
czekolada	czekolady	FEM
czerwony	czerwonego	MASC;ANIM
czkawka	czkawki	FEM
czytanie	czytania	NEUT
częstokół	częstokołu	MASC;INAN
dar	daru	MASC;INAN
dawka	dawki	FEM
debiut	debiutu	MASC;INAN
demonstrant	demonstranta	MASC;HUM
deptak	deptaku	MASC;INAN
deska	deski	FEM
deweloper	dewelopera	MASC;HUM
dodawanie	dodawania	NEUT
doktorat	doktoratu	MASC;INAN
domknięcie	domknięcia	NEUT
dred	dreda	MASC;INAN
droga	drogi	FEM
dwór	dworu	MASC;INAN
dyktafon	dyktafonu	MASC;INAN
dyplom	dyplomu	MASC;INAN
dziad	dziada	MASC;HUM
dziadek	dziadka	MASC;HUM
działacz	działacza	MASC;HUM
dzieża	dzieży	FEM
dziurawiec	dziurawca	MASC;INAN
dziwka	dziwki	FEM
dzióbek	dzióbka	MASC;INAN
dzwoniec	dzwońca	MASC;ANIM
dzwonnica	dzwonnicy	FEM
dźwięk	dźwięku	MASC;INAN
dżezmen	dżezmena	MASC;HUM
dżinn	dżinna	MASC;HUM
dżuma	dżumy	FEM
dżungla	dżungli	FEM
egzorcyzm	egzorcyzmu	MASC;INAN
ekipa	ekipy	FEM
enklawa	enklawy	FEM
erytrocyt	erytrocytu	MASC;INAN
esej	eseju	MASC;INAN
fabuła	fabuły	FEM
falochron	falochronu	MASC;INAN
fartuch	fartucha	MASC;INAN
filc	filcu	MASC;INAN
flora	flory	FEM
fontanna	fontanny	FEM
forteca	fortecy	FEM
francuzka	francuzki	FEM
fryzjer	fryzjera	MASC;HUM
futrzak	futrzaka	MASC;ANIM
gajowy	gajowego	MASC;HUM
galaktyka	galaktyki	FEM
garstka	garstki	FEM
gazela	gazeli	FEM
gazeta	gazety	FEM
gazetówka	gazetówki	FEM
gałązka	gałązki	FEM
gen	genu	MASC;INAN
glista	glisty	FEM
glon	glonu	MASC;INAN
gość	gościa	MASC;HUM
grabieżca	grabieżcy	MASC;HUM
grindwal	grindwala	MASC;ANIM
gruzinka	gruzinki	FEM
gąbka	gąbki	FEM
gąsię	gąsięcia	NEUT
gąska	gąski	FEM
gęś	gęsi	FEM
głupek	głupka	MASC;HUM
hałas	hałasu	MASC;INAN
hindus	hindusa	MASC;HUM
homonim	homonimu	MASC;INAN
hrywna	hrywny	FEM
ibook	ibooka	MASC;ANIM
identyczność	identyczności	FEM
ideolog	ideologa	MASC;HUM
igła	igły	FEM
indianka	indianki	FEM
indyk	indyka	MASC;ANIM
instytut	instytutu	MASC;INAN
iphone	iphone'a	MASC;ANIM
irakijka	irakijki	FEM
izomorfizm	izomorfizmu	MASC;INAN
jad	jadu	MASC;INAN
jadalnia	jadalni	FEM
jaguar	jaguara	MASC;ANIM
jak	jaka	MASC;ANIM
jama	jamy	FEM
jamajka	jamajki	FEM
janowiec	janowca	MASC;INAN
jantar	jantaru	MASC;INAN
janusz	janusza	MASC;HUM
japończyk	japończyka	MASC;HUM
jarmark	jarmarku	MASC;INAN
jarzynowa	jarzynowej	FEM
jaskinia	jaskini	FEM
jedynak	jedynaka	MASC;HUM
jedyneczka	jedyneczki	FEM
joga	jogi	FEM
jubiler	jubilera	MASC;HUM
junak	junaka	MASC;HUM
jędza	jędzy	FEM
kalendarz	kalendarza	MASC;INAN
kaleta	kalety	FEM
kalosz	kalosza	MASC;INAN
kandydat	kandydata	MASC;HUM
kanonierka	kanonierki	FEM
kapeć	kapcia	MASC;INAN
karabin	karabinu	MASC;INAN
kariera	kariery	FEM
karmnik	karmnika	MASC;INAN
karnawał	karnawału	MASC;INAN
karnista	karnisty	MASC;HUM
kaskader	kaskadera	MASC;HUM
kasownik	kasownika	MASC;INAN
katalog	katalogu	MASC;INAN
katarakta	katarakty	FEM
katedra	katedry	FEM
kation	kationu	MASC;INAN
katol	katola	MASC;HUM
kicia	kici	FEM
kitajec	kitajca	MASC;HUM
klan	klanu	MASC;INAN
klop	klopa	MASC;INAN
klątwa	klątwy	FEM
klęcznik	klęcznika	MASC;INAN
kocię	kocięcia	NEUT
kokoryczka	kokoryczki	FEM
kolor	koloru	MASC;INAN
komeżka	komeżki	FEM
komitet	komitetu	MASC;INAN
kopt	kopta	MASC;HUM
koromysło	koromysła	NEUT
korsarz	korsarza	MASC;HUM
koszt	kosztu	MASC;INAN
kotka	kotki	FEM
kozica	kozicy	FEM
kołowrotek	kołowrotka	MASC;INAN
kołowrót	kołowrotu	MASC;INAN
kożuch	kożucha	MASC;INAN
krawędź	krawędzi	FEM
kredka	kredki	FEM
kreska	kreski	FEM
kretyn	kretyna	MASC;HUM
krewetka	krewetki	FEM
krtań	krtani	FEM
krwawnica	krwawnicy	FEM
krypa	krypy	FEM
krzesło	krzesła	NEUT
krzywica	krzywicy	FEM
księgarz	księgarza	MASC;HUM
kszyk	kszyka	MASC;ANIM
kubek	kubka	MASC;INAN
kucharka	kucharki	FEM
kuleczka	kuleczki	FEM
kult	kultu	MASC;INAN
kulturystka	kulturystki	FEM
kuna	kuny	FEM
kurhan	kurhanu	MASC;INAN
kurka	kurki	FEM
kurzawka	kurzawki	FEM
kwasoród	kwasorodu	MASC;INAN
kwiaciarz	kwiaciarza	MASC;HUM
kwiat	kwiatu	MASC;INAN
kwiatostan	kwiatostanu	MASC;INAN
kąkol	kąkolu	MASC;INAN
kłopot	kłopotu	MASC;INAN
kłębek	kłębka	MASC;INAN
label	labela	MASC;INAN
laik	laika	MASC;HUM
lalka	lalki	FEM
laska	laski	FEM
latarka	latarki	FEM
leucyna	leucyny	FEM
liceum	liceum	NEUT
lichtarz	lichtarza	MASC;INAN
lichwiarz	lichwiarza	MASC;HUM
likier	likieru	MASC;INAN
lis	lisa	MASC;ANIM
liszka	liszki	FEM
lodzik	lodzika	MASC;ANIM
lont	lontu	MASC;INAN
ludożerca	ludożercy	MASC;HUM
luka	luki	FEM
mach	macha	MASC;INAN
malowidło	malowidła	NEUT
marskość	marskości	FEM
martwica	martwicy	FEM
masażysta	masażysty	MASC;HUM
maska	maski	FEM
maszt	masztu	MASC;INAN
maszynopis	maszynopisu	MASC;INAN
matura	matury	FEM
mech	mchu	MASC;INAN
meczet	meczetu	MASC;INAN
medalista	medalisty	MASC;HUM
mediana	mediany	FEM
melon	melona	MASC;ANIM
meteorolog	meteorologa	MASC;HUM
mewa	mewy	FEM
mezon	mezonu	MASC;INAN
miecznik	miecznika	MASC;ANIM
miedza	miedzy	FEM
miedziak	miedziaka	MASC;ANIM
milimetr	milimetra	MASC;INAN
mister	mistera	MASC;HUM
mięczak	mięczaka	MASC;ANIM
mleczan	mleczanu	MASC;INAN
moczowód	moczowodu	MASC;INAN
molekuła	molekuły	FEM
morale	morale	NEUT
mutra	mutry	FEM
mydło	mydła	NEUT
myszołów	myszołowa	MASC;ANIM
myśliwy	myśliwego	MASC;HUM
mąż	męża	MASC;HUM
mężczyzna	mężczyzny	MASC;HUM
nadawca	nadawcy	MASC;HUM
nadzór	nadzoru	MASC;INAN
nagietek	nagietka	MASC;INAN
napis	napisu	MASC;INAN
narodowość	narodowości	FEM
narybek	narybku	MASC;INAN
nasiono	nasiona	NEUT
nastrój	nastroju	MASC;INAN
nawyk	nawyku	MASC;INAN
niebezpieczeństwo	niebezpieczeństwa	NEUT
nonan	nonanu	MASC;INAN
norweg	norwega	MASC;HUM
nos	nosa	MASC;INAN
nosiciel	nosiciela	MASC;HUM
notatnik	notatnika	MASC;INAN
notes	notesu	MASC;INAN
nędza	nędzy	FEM
obelisk	obelisku	MASC;INAN
obrok	obroku	MASC;INAN
obudowa	obudowy	FEM
ocet	octu	MASC;INAN
oddział	oddziału	MASC;INAN
odpad	odpadu	MASC;INAN
ogier	ogiera	MASC;ANIM
ogórek	ogórka	MASC;ANIM
ohyda	ohydy	FEM
ojcowizna	ojcowizny	FEM
okap	okapu	MASC;INAN
okop	okopu	MASC;INAN
okrężnica	okrężnicy	FEM
oleander	oleandra	MASC;INAN
opatrunek	opatrunku	MASC;INAN
opornik	opornika	MASC;INAN
optymistka	optymistki	FEM
opuchlizna	opuchlizny	FEM
oset	ostu	MASC;INAN
oszust	oszusta	MASC;HUM
ość	ości	FEM
ożyna	ożyny	FEM
ożóg	ożoga	MASC;INAN
pajac	pajaca	MASC;ANIM
pal	pala	MASC;INAN
palestynka	palestynki	FEM
palimpsest	palimpsestu	MASC;INAN
pamiątka	pamiątki	FEM
papieros	papierosa	MASC;INAN
para	pary	FEM
parowóz	parowozu	MASC;INAN
partnerka	partnerki	FEM
pasażer	pasażera	MASC;HUM
pastwisko	pastwiska	NEUT
pazur	pazura	MASC;INAN
pedalarz	pedalarza	MASC;HUM
pelikan	pelikana	MASC;ANIM
peptyd	peptydu	MASC;INAN
pers	persa	MASC;HUM
pet	peta	MASC;ANIM
pianistka	pianistki	FEM
pierwiastek	pierwiastka	MASC;INAN
pierwszyzna	pierwszyzny	FEM
pieróg	pieroga	MASC;INAN
pieszy	pieszego	MASC;HUM
piewca	piewcy	MASC;HUM
pijak	pijaka	MASC;HUM
pikawka	pikawki	FEM
piołunówka	piołunówki	FEM
pisk	pisku	MASC;INAN
pisklaczek	pisklaczka	MASC;ANIM
piwnica	piwnicy	FEM
plakat	plakatu	MASC;INAN
plaża	plaży	FEM
plątanina	plątaniny	FEM
pnącze	pnącza	NEUT
poczęstunek	poczęstunku	MASC;INAN
podatek	podatku	MASC;INAN
podkówka	podkówki	FEM
podniebienie	podniebienia	NEUT
podpalacz	podpalacza	MASC;HUM
podróżnik	podróżnika	MASC;HUM
podstawa	podstawy	FEM
pointa	pointy	FEM
polak	polaka	MASC;HUM
polana	polany	FEM
polityk	polityka	MASC;HUM
pomocnik	pomocnika	MASC;HUM
pomysł	pomysłu	MASC;INAN
pontyfikat	pontyfikatu	MASC;INAN
poród	porodu	MASC;INAN
potop	potopu	MASC;INAN
potwór	potwora	MASC;ANIM
potęga	potęgi	FEM
powiat	powiatu	MASC;INAN
powierzchnia	powierzchni	FEM
powóz	powozu	MASC;INAN
prababcia	prababci	FEM
pradziadek	pradziadka	MASC;HUM
prajęzyk	prajęzyka	MASC;INAN
prawiczek	prawiczka	MASC;HUM
prolina	proliny	FEM
propan	propanu	MASC;INAN
proporzec	proporca	MASC;INAN
prosiaczek	prosiaczka	MASC;ANIM
prostytutka	prostytutki	FEM
prowitamina	prowitaminy	FEM
przeciwobraz	przeciwobrazu	MASC;INAN
przedmówca	przedmówcy	MASC;HUM
przedsiębiorca	przedsiębiorcy	MASC;HUM
przejście	przejścia	NEUT
przepis	przepisu	MASC;INAN
przerwa	przerwy	FEM
przerzutnia	przerzutni	FEM
przymiotnik	przymiotnika	MASC;INAN
przypadłość	przypadłości	FEM
przystawka	przystawki	FEM
przyzwoitka	przyzwoitki	FEM
pręcik	pręcika	MASC;INAN
pręt	pręta	MASC;INAN
psianka	psianki	FEM
psiarnia	psiarni	FEM
psychoterapeuta	psychoterapeuty	MASC;HUM
pszczelarz	pszczelarza	MASC;HUM
półrocze	półrocza	NEUT
półwysep	półwyspu	MASC;INAN
pąć	pąci	FEM
pępowina	pępowiny	FEM
płacz	płaczu	MASC;INAN
płaskowyż	płaskowyżu	MASC;INAN
radość	radości	FEM
rasa	rasy	FEM
reaktor	reaktora	MASC;INAN
reformator	reformatora	MASC;HUM
refren	refrenu	MASC;INAN
renifer	renifera	MASC;ANIM
reprezentant	reprezentanta	MASC;HUM
robota	roboty	FEM
roszpunka	roszpunki	FEM
rozbitek	rozbitka	MASC;HUM
rozeta	rozety	FEM
rozgwiazda	rozgwiazdy	FEM
rozmiar	rozmiaru	MASC;INAN
rozpruwacz	rozpruwacza	MASC;INAN
rozpuszczalnik	rozpuszczalnika	MASC;INAN
runda	rundy	FEM
rydwan	rydwanu	MASC;INAN
rzeczoznawca	rzeczoznawcy	MASC;HUM
rzeka	rzeki	FEM
rzemień	rzemienia	MASC;INAN
rzepik	rzepiku	MASC;INAN
rzezimieszek	rzezimieszka	MASC;HUM
równość	równości	FEM
rękawica	rękawicy	FEM
sakrament	sakramentu	MASC;INAN
saksofonista	saksofonisty	MASC;HUM
saksofonistka	saksofonistki	FEM
sala	sali	FEM
salon	salonu	MASC;INAN
samiec	samca	MASC;ANIM
saracen	saracena	MASC;HUM
sarna	sarny	FEM
satanista	satanisty	MASC;HUM
satrapa	satrapy	MASC;HUM
seminarzysta	seminarzysty	MASC;HUM
seminarzystka	seminarzystki	FEM
serce	serca	NEUT
sfera	sfery	FEM
siad	siadu	MASC;INAN
siatka	siatki	FEM
siatkarz	siatkarza	MASC;HUM
sidło	sidła	NEUT
siedzenie	siedzenia	NEUT
siejba	siejby	FEM
siłownia	siłowni	FEM
skarb	skarbu	MASC;INAN
skorupiak	skorupiaka	MASC;ANIM
skrobak	skrobaka	MASC;INAN
skrobanka	skrobanki	FEM
skrzydlak	skrzydlaka	MASC;INAN
skąpiec	skąpca	MASC;HUM
smolarz	smolarza	MASC;HUM
snop	snopu	MASC;INAN
solniczka	solniczki	FEM
sonata	sonaty	FEM
spektrometr	spektrometru	MASC;INAN
spin	spinu	MASC;INAN
sprzeciw	sprzeciwu	MASC;INAN
sprzęgło	sprzęgła	NEUT
spódniczka	spódniczki	FEM
srom	sromu	MASC;INAN
stanik	stanika	MASC;INAN
start	startu	MASC;INAN
sterowiec	sterowca	MASC;INAN
stosunek	stosunku	MASC;INAN
stożek	stożka	MASC;INAN
stragan	straganu	MASC;INAN
strajk	strajku	MASC;INAN
strona	strony	FEM
strumyk	strumyka	MASC;INAN
strup	strupa	MASC;INAN
stręczyciel	stręczyciela	MASC;HUM
studentka	studentki	FEM
stułbia	stułbi	FEM
styl	stylu	MASC;INAN
sufit	sufitu	MASC;INAN
sukieneczka	sukieneczki	FEM
szabrownik	szabrownika	MASC;HUM
szatnia	szatni	FEM
szczegół	szczegółu	MASC;INAN
szczepionka	szczepionki	FEM
szelka	szelki	FEM
szewc	szewca	MASC;HUM
szkopuł	szkopułu	MASC;INAN
szkot	szkota	MASC;HUM
szkło	szkła	NEUT
szparag	szparaga	MASC;INAN
szpinak	szpinaku	MASC;INAN
szubienica	szubienicy	FEM
szuflada	szuflady	FEM
szumowina	szumowiny	FEM
szwagier	szwagra	MASC;HUM
szyberdach	szyberdachu	MASC;INAN
szyfrowanie	szyfrowania	NEUT
sąsiadka	sąsiadki	FEM
sęk	sęku	MASC;INAN
słabość	słabości	FEM
sławojka	sławojki	FEM
słoiczek	słoiczka	MASC;INAN
słowenka	słowenki	FEM
słuchawka	słuchawki	FEM
sługus	sługusa	MASC;HUM
tabliczka	tabliczki	FEM
taczka	taczki	FEM
talerz	talerza	MASC;INAN
talizman	talizmanu	MASC;INAN
tampon	tamponu	MASC;INAN
tangens	tangensa	MASC;INAN
tanina	taniny	FEM
tarczyca	tarczycy	FEM
tasak	tasaka	MASC;INAN
tatar	tatara	MASC;INAN
teista	teisty	MASC;HUM
termin	terminu	MASC;INAN
testament	testamentu	MASC;INAN
towar	towaru	MASC;INAN
toyota	toyoty	FEM
trójkąt	trójkąta	MASC;INAN
trąbka	trąbki	FEM
tucznik	tucznika	MASC;ANIM
tukan	tukana	MASC;ANIM
tunel	tunelu	MASC;INAN
tur	tura	MASC;ANIM
tułów	tułowia	MASC;INAN
twardziel	twardziela	MASC;HUM
twierdza	twierdzy	FEM
tylda	tyldy	FEM
tęcza	tęczy	FEM
tło	tła	NEUT
ubranie	ubrania	NEUT
uciekinier	uciekiniera	MASC;HUM
uderzenie	uderzenia	NEUT
udko	udka	NEUT
ultramaryna	ultramaryny	FEM
upadek	upadku	MASC;INAN
uprzedzenie	uprzedzenia	NEUT
użytkownik	użytkownika	MASC;HUM
wahadło	wahadła	NEUT
wariat	wariata	MASC;HUM
warszawa	warszawy	FEM
ważka	ważki	FEM
wegetarianin	wegetarianina	MASC;HUM
widowisko	widowiska	NEUT
wielkość	wielkości	FEM
wierzyciel	wierzyciela	MASC;HUM
wieżowiec	wieżowca	MASC;INAN
wiklina	wikliny	FEM
wina	winy	FEM
wiocha	wiochy	FEM
więzienie	więzienia	NEUT
więź	więzi	FEM
wodociąg	wodociągu	MASC;INAN
wodospad	wodospadu	MASC;INAN
województwo	województwa	NEUT
wojsko	wojska	NEUT
wolt	wolta	MASC;INAN
wosk	wosku	MASC;INAN
wrzask	wrzasku	MASC;INAN
wrzeciądz	wrzeciądza	MASC;INAN
wrzemię	wrzemienia	NEUT
wrzesień	września	MASC;INAN
współczynnik	współczynnika	MASC;INAN
wstęp	wstępu	MASC;INAN
wulgaryzm	wulgaryzmu	MASC;INAN
wydział	wydziału	MASC;INAN
wyjątek	wyjątku	MASC;INAN
wymiana	wymiany	FEM
wymówka	wymówki	FEM
wynalazca	wynalazcy	MASC;HUM
wyrzutnia	wyrzutni	FEM
wywar	wywaru	MASC;INAN
wódka	wódki	FEM
wózek	wózka	MASC;INAN
wąs	wąsa	MASC;INAN
wędka	wędki	FEM
węgiel	węgla	MASC;INAN
węglowodór	węglowodoru	MASC;INAN
władza	władzy	FEM
włoszka	włoszki	FEM
włócznia	włóczni	FEM
zakalec	zakalca	MASC;INAN
zaklęcie	zaklęcia	NEUT
zakończenie	zakończenia	NEUT
zakładka	zakładki	FEM
zalotnik	zalotnika	MASC;HUM
zamówienie	zamówienia	NEUT
zaraza	zarazy	FEM
zastrzyk	zastrzyku	MASC;INAN
zawada	zawady	FEM
zawilec	zawilca	MASC;INAN
zbytek	zbytku	MASC;INAN
zdrajczyni	zdrajczyni	FEM
zegar	zegara	MASC;INAN
zgar	zgaru	MASC;INAN
zima	zimy	FEM
zlewisko	zlewiska	NEUT
zmarły	zmarłego	MASC;HUM
zmienna	zmiennej	FEM
zmora	zmory	FEM
zwycięstwo	zwycięstwa	NEUT
zygotarianin	zygotarianina	MASC;HUM
ćwiartka	ćwiartki	FEM
ćwierćnuta	ćwierćnuty	FEM
łachman	łachmanu	MASC;INAN
łakomstwo	łakomstwa	NEUT
łamana	łamanej	FEM
łgarz	łgarza	MASC;HUM
łopian	łopianu	MASC;INAN
łotyszka	łotyszki	FEM
ług	ługu	MASC;INAN
łyżeczka	łyżeczki	FEM
łyżwa	łyżwy	FEM
łączka	łączki	FEM
ściąga	ściągi	FEM
ślad	śladu	MASC;INAN
śmieć	śmiecia	MASC;INAN
środek	środka	MASC;INAN
źródło	źródła	NEUT
żabojad	żabojada	MASC;HUM
żbik	żbika	MASC;ANIM
żuchwa	żuchwy	FEM
żwacz	żwacza	MASC;INAN
żyroskop	żyroskopu	MASC;INAN
żywokost	żywokostu	MASC;INAN
adiutant	adiutanta	MASC;HUM
adrenalina	adrenaliny	FEM
aerostat	aerostatu	MASC;INAN
agat	agatu	MASC;INAN
agawa	agawy	FEM
akcent	akcentu	MASC;INAN
akordeonista	akordeonisty	MASC;HUM
akupresura	akupresury	FEM
algorytm	algorytmu	MASC;INAN
alternatywa	alternatywy	FEM
amazonit	amazonitu	MASC;INAN
amerykanin	amerykanina	MASC;HUM
amortyzator	amortyzatora	MASC;INAN
antyseptyk	antyseptyku	MASC;INAN
aquapark	aquaparku	MASC;INAN
archanioł	archanioła	MASC;ANIM
architekt	architekta	FEM
aresztant	aresztanta	MASC;HUM
arkusz	arkusza	MASC;INAN
armeńczyk	armeńczyka	MASC;HUM
arsenał	arsenału	MASC;INAN
asenterunek	asenterunku	MASC;INAN
astronautka	astronautki	FEM
atarynka	atarynki	FEM
ateista	ateisty	MASC;HUM
ateusz	ateusza	MASC;HUM
atrament	atramentu	MASC;INAN
audytorium	audytorium	NEUT
awers	awersu	MASC;INAN
azuryt	azurytu	MASC;INAN
baca	bacy	MASC;HUM
bak	baku	MASC;INAN
balon	balonu	MASC;INAN
bardak	bardaku	MASC;INAN
basior	basiora	MASC;ANIM
bazylia	bazylii	FEM
bałwochwalca	bałwochwalcy	MASC;HUM
bażyna	bażyny	FEM
beczułka	beczułki	FEM
berło	berła	NEUT
bezbożnik	bezbożnika	MASC;HUM
bibliotekarka	bibliotekarki	FEM
bicie	bicia	NEUT
bidet	bidetu	MASC;INAN
biedactwo	biedactwa	NEUT
biografia	biografii	FEM
biuro	biura	NEUT
blacharz	blacharza	MASC;HUM
blask	blasku	MASC;INAN
blokowisko	blokowiska	NEUT
bluzka	bluzki	FEM
bobas	bobasa	MASC;HUM
braterstwo	braterstwa	NEUT
brosma	brosmy	FEM
brosza	broszy	FEM
brąz	brązu	MASC;INAN
budżetówka	budżetówki	FEM
bunt	buntu	MASC;INAN
burżuj	burżuja	MASC;HUM
błonie	błonia	NEUT
cebulica	cebulicy	FEM
cedzidło	cedzidła	NEUT
cela	celi	FEM
celt	celta	MASC;HUM
certyfikat	certyfikatu	MASC;INAN
chaus	chausa	MASC;ANIM
chemik	chemika	MASC;HUM
chorwat	chorwata	MASC;HUM
chram	chramu	MASC;INAN
chwileczka	chwileczki	FEM
chwyt	chwytu	MASC;INAN
chłopczyca	chłopczycy	FEM
cierniówka	cierniówki	FEM
cipeczka	cipeczki	FEM
ciśnienie	ciśnienia	NEUT
cudzołóstwo	cudzołóstwa	NEUT
czart	czarta	MASC;ANIM
czelesta	czelesty	FEM
czeremcha	czeremchy	FEM
czirokez	czirokeza	MASC;HUM
czort	czorta	MASC;ANIM
czystka	czystki	FEM
czółno	czółna	NEUT
cząsteczka	cząsteczki	FEM
część	części	FEM
członek	członka	MASC;INAN
córka	córki	FEM
cętka	cętki	FEM
darbuka	darbuki	FEM
dawczyni	dawczyni	FEM
dekada	dekady	FEM
dekret	dekretu	MASC;INAN
demagog	demagoga	MASC;HUM
destylat	destylatu	MASC;INAN
detektyw	detektywa	MASC;HUM
dinar	dinara	MASC;ANIM
docentura	docentury	FEM
dochód	dochodu	MASC;INAN
domieszka	domieszki	FEM
dopalacz	dopalacza	MASC;INAN
dorzecze	dorzecza	NEUT
dostawczak	dostawczaka	MASC;ANIM
drop	dropia	MASC;ANIM
drukarnia	drukarni	FEM
drużyna	drużyny	FEM
duńczyk	duńczyka	MASC;HUM
dyktatura	dyktatury	FEM
dyplomata	dyplomaty	MASC;HUM
dywan	dywanu	MASC;INAN
dywiz	dywizu	MASC;INAN
dziecię	dziecięcia	NEUT
dziedzic	dziedzica	MASC;HUM
dziennikarka	dziennikarki	FEM
dziewierz	dziewierza	MASC;HUM
dziewięciornik	dziewięciornika	MASC;INAN
dzieło	dzieła	NEUT
dzik	dzika	MASC;ANIM
dźwignia	dźwigni	FEM
dżelada	dżelady	FEM
edykt	edyktu	MASC;INAN
ekwilibrystyka	ekwilibrystyki	FEM
elektronowolt	elektronowolta	MASC;INAN
emporium	emporium	NEUT
epicentrum	epicentrum	NEUT
epos	eposu	MASC;INAN
esemes	esemesa	MASC;INAN
eutanazista	eutanazisty	MASC;HUM
fajerwerk	fajerwerku	MASC;INAN
fakt	faktu	MASC;INAN
fanatyczka	fanatyczki	FEM
farfocel	farfocla	MASC;ANIM
fałszerstwo	fałszerstwa	NEUT
feta	fety	FEM
ficzer	ficzeru	MASC;INAN
figura	figury	FEM
filiżaneczka	filiżaneczki	FEM
flet	fletu	MASC;INAN
fokstrot	fokstrota	MASC;ANIM
fonem	fonemu	MASC;INAN
formalista	formalisty	MASC;HUM
fotograf	fotografa	MASC;HUM
fristajlowiec	fristajlowca	MASC;HUM
funt	funta	MASC;ANIM
gala	gali	FEM
garść	garści	FEM
gastarbajter	gastarbajtera	MASC;HUM
gaz	gazu	MASC;INAN
gbur	gbura	MASC;HUM
getto	getta	NEUT
gibon	gibona	MASC;ANIM
giez	gza	MASC;ANIM
gilotyna	gilotyny	FEM
graham	grahama	MASC;INAN
granit	granitu	MASC;INAN
grat	grata	MASC;ANIM
grawerowanie	grawerowania	NEUT
grejpfrut	grejpfruta	MASC;ANIM
gruda	grudy	FEM
grypa	grypy	FEM
grzmot	grzmotu	MASC;INAN
grzybobranie	grzybobrania	NEUT
gumka	gumki	FEM
gwałt	gwałtu	MASC;INAN
gwint	gwintu	MASC;INAN
gówniak	gówniaka	MASC;ANIM
gównoburza	gównoburzy	FEM
głuszec	głuszca	MASC;ANIM
głóg	głogu	MASC;INAN
halabarda	halabardy	FEM
hamburger	hamburgera	MASC;ANIM
henr	henra	MASC;INAN
hełm	hełmu	MASC;INAN
hierarchini	hierarchini	FEM
hiperon	hiperonu	MASC;INAN
hipoteka	hipoteki	FEM
hipoteza	hipotezy	FEM
histydyna	histydyny	FEM
honor	honoru	MASC;INAN
hołd	hołdu	MASC;INAN
hrabstwo	hrabstwa	NEUT
hulajnoga	hulajnogi	FEM
husyta	husyty	MASC;HUM
iloczyn	iloczynu	MASC;INAN
imac	imaca	MASC;ANIM
imbir	imbiru	MASC;INAN
indyczka	indyczki	FEM
interlingua	interlingwy	FEM
ipod	ipoda	MASC;ANIM
islandczyk	islandczyka	MASC;HUM
jabłko	jabłka	NEUT
jałówka	jałówki	FEM
jednorożec	jednorożca	MASC;ANIM
jeleń	jelenia	MASC;ANIM
jelito	jelita	NEUT
jen	jena	MASC;ANIM
jesiotr	jesiotra	MASC;ANIM
jeżozwierz	jeżozwierza	MASC;ANIM
juhas	juhasa	MASC;HUM
jurek	jurka	MASC;HUM
jętka	jętki	FEM
kaczątko	kaczątka	NEUT
kadet	kadeta	MASC;HUM
kadzidło	kadzidła	NEUT
kaganiec	kagańca	MASC;INAN
kajet	kajetu	MASC;INAN
kandela	kandeli	FEM
kapela	kapeli	FEM
karambol	karambolu	MASC;INAN
kardiolog	kardiologa	MASC;HUM
kardynał	kardynała	MASC;HUM
karo	kara	NEUT
karzeł	karła	MASC;ANIM
kasa	kasy	FEM
katoda	katody	FEM
kauczukowiec	kauczukowca	MASC;INAN
kawaler	kawalera	MASC;HUM
kawalik	kawalika	MASC;INAN
kazeina	kazeiny	FEM
kierowca	kierowcy	MASC;HUM
klon	klonu	MASC;INAN
kniahini	kniahini	FEM
koc	koca	MASC;INAN
kokarda	kokardy	FEM
kolebka	kolebki	FEM
kolega	kolegi	MASC;HUM
koleina	koleiny	FEM
koliber	kolibra	MASC;ANIM
komin	komina	MASC;INAN
kominiarz	kominiarza	MASC;HUM
komplement	komplementu	MASC;INAN
konfitura	konfitury	FEM
kongres	kongresu	MASC;INAN
koniak	koniaku	MASC;INAN
koniczyna	koniczyny	FEM
konopia	konopi	FEM
konsolidator	konsolidatora	MASC;INAN
kontrola	kontroli	FEM
koparka	koparki	FEM
kopciuszek	kopciuszka	MASC;ANIM
kopnięcie	kopnięcia	NEUT
koprolit	koprolitu	MASC;INAN
kornwalijka	kornwalijki	FEM
korpus	korpusu	MASC;INAN
korund	korundu	MASC;INAN
kosaciec	kosaćca	MASC;ANIM
kosisko	kosiska	NEUT
kosmonauta	kosmonauty	MASC;HUM
kosowianin	kosowianina	MASC;HUM
koza	kozy	FEM
kozak	kozaka	MASC;HUM
kozłek	kozłka	MASC;INAN
kołchoz	kołchozu	MASC;INAN
kościół	kościoła	MASC;INAN
krajzega	krajzegi	FEM
krakus	krakusa	MASC;HUM
kredens	kredensu	MASC;INAN
krewny	krewnego	MASC;HUM
krosta	krosty	FEM
krwawnik	krwawnika	MASC;INAN
krynica	krynicy	FEM
kryształ	kryształu	MASC;INAN
krzesiwo	krzesiwa	NEUT
krzew	krzewu	MASC;INAN
krój	kroju	MASC;INAN
krąg	kręgu	MASC;INAN
kręgowiec	kręgowca	MASC;ANIM
książeczka	książeczki	FEM
książnica	książnicy	FEM
księgozbiór	księgozbioru	MASC;INAN
księżyc	księżyca	MASC;INAN
kufer	kufra	MASC;INAN
kum	kuma	MASC;HUM
kumaryna	kumaryny	FEM
kupa	kupy	FEM
kurs	kursu	MASC;INAN
kwadryga	kwadrygi	FEM
kwark	kwarka	MASC;INAN
kwaternion	kwaternionu	MASC;INAN
kępina	kępiny	FEM
kłak	kłaka	MASC;INAN
labirynt	labiryntu	MASC;INAN
lampart	lamparta	MASC;ANIM
larwa	larwy	FEM
latarniowiec	latarniowca	MASC;INAN
legenda	legendy	FEM
lejek	lejka	MASC;INAN
lemiesz	lemiesza	MASC;INAN
lesba	lesby	FEM
licealistka	licealistki	FEM
licho	licha	NEUT
lingwista	lingwisty	MASC;HUM
lingwistyka	lingwistyki	FEM
lipiec	lipca	MASC;INAN
lodowiec	lodowca	MASC;INAN
logarytm	logarytmu	MASC;INAN
lotniskowiec	lotniskowca	MASC;INAN
luks	luksa	MASC;INAN
lut	lutu	MASC;INAN
macedończyk	macedończyka	MASC;HUM
macica	macicy	FEM
macierzanka	macierzanki	FEM
mandat	mandatu	MASC;INAN
masyw	masywu	MASC;INAN
matkojebca	matkojebcy	MASC;HUM
maść	maści	FEM
metr	metra	MASC;INAN
mianownik	mianownika	MASC;INAN
miasteczko	miasteczka	NEUT
miesiączka	miesiączki	FEM
migawka	migawki	FEM
mikroskop	mikroskopu	MASC;INAN
miligram	miligrama	MASC;INAN
ministerstwo	ministerstwa	NEUT
miodokwiat	miodokwiatu	MASC;INAN
mlask	mlasku	MASC;INAN
monarchista	monarchisty	MASC;HUM
monotlenek	monotlenku	MASC;INAN
morał	morału	MASC;INAN
morderczyni	morderczyni	FEM
morderstwo	morderstwa	NEUT
moskit	moskita	MASC;ANIM
mowa	mowy	FEM
mozaika	mozaiki	FEM
możliwość	możliwości	FEM
muezin	muezina	MASC;HUM
musztarda	musztardy	FEM
myśliciel	myśliciela	MASC;HUM
mżawka	mżawki	FEM
narzeczona	narzeczonej	FEM
naziol	naziola	MASC;HUM
niespodzianka	niespodzianki	FEM
niewidomy	niewidomego	MASC;HUM
niewolnik	niewolnika	MASC;HUM
nimfa	nimfy	FEM
nit	nitu	MASC;INAN
nić	nici	FEM
nornica	nornicy	FEM
nozdrze	nozdrza	NEUT
nóżka	nóżki	FEM
obcy	obcego	MASC;HUM
obiekt	obiektu	MASC;INAN
obserwatorium	obserwatorium	NEUT
ochotnik	ochotnika	MASC;HUM
oczeret	oczeretu	MASC;INAN
odcień	odcienia	MASC;INAN
odległość	odległości	FEM
odnowiciel	odnowiciela	MASC;HUM
odźwierny	odźwiernego	MASC;HUM
odżywka	odżywki	FEM
ofiara	ofiary	FEM
oficer	oficera	MASC;HUM
ogrodzenie	ogrodzenia	NEUT
okrutnik	okrutnika	MASC;HUM
olcha	olchy	FEM
onomatopeja	onomatopei	FEM
opowiadanie	opowiadania	NEUT
oregano	oregana	NEUT
organista	organisty	MASC;HUM
orlica	orlicy	FEM
orlik	orlika	MASC;ANIM
orzeczenie	orzeczenia	NEUT
orzełek	orzełka	MASC;ANIM
oręż	oręża	MASC;INAN
osierdzie	osierdzia	NEUT
osnowa	osnowy	FEM
ostoja	ostoi	FEM
ostryga	ostrygi	FEM
osuwisko	osuwiska	NEUT
ołówek	ołówka	MASC;INAN
oś	osi	FEM
oślę	oślęcia	NEUT
ośmiokąt	ośmiokąta	MASC;INAN
palestyńczyk	palestyńczyka	MASC;HUM
pamiętnik	pamiętnika	MASC;INAN
pancerz	pancerza	MASC;INAN
parafianin	parafianina	MASC;HUM
parter	parteru	MASC;INAN
partyzant	partyzanta	MASC;HUM
pasierbica	pasierbicy	FEM
pasożyt	pasożyta	MASC;ANIM
pastor	pastora	MASC;HUM
patriotka	patriotki	FEM
pedofil	pedofila	MASC;HUM
piaskownica	piaskownicy	FEM
pieczęć	pieczęci	FEM
piekarz	piekarza	MASC;HUM
piekielnik	piekielnika	MASC;HUM
pielęgniarka	pielęgniarki	FEM
pierdółka	pierdółki	FEM
pierwotniak	pierwotniaka	MASC;ANIM
pień	pnia	MASC;INAN
pirat	pirata	MASC;HUM
pisadło	pisadła	NEUT
pisanka	pisanki	FEM
pisarka	pisarki	FEM
pisklę	pisklęcia	NEUT
pięciobój	pięcioboju	MASC;INAN
pięść	pięści	FEM
pleonazm	pleonazmu	MASC;INAN
pleszczotka	pleszczotki	FEM
początek	początku	MASC;INAN
podkoszulek	podkoszulka	MASC;INAN
podkowa	podkowy	FEM
podkreślenie	podkreślenia	NEUT
podpalenie	podpalenia	NEUT
poducha	poduchy	FEM
poduszeczka	poduszeczki	FEM
poduszka	poduszki	FEM
podzbiór	podzbioru	MASC;INAN
poetka	poetki	FEM
pojemnik	pojemnika	MASC;INAN
poliester	poliestru	MASC;INAN
poliglota	poligloty	MASC;HUM
polimer	polimeru	MASC;INAN
politeista	politeisty	MASC;HUM
politolog	politologa	MASC;HUM
pomidor	pomidora	MASC;INAN
popiersie	popiersia	NEUT
poprawczak	poprawczaka	MASC;INAN
portret	portretu	MASC;INAN
posiadłość	posiadłości	FEM
powidło	powidła	NEUT
poziewnik	poziewnika	MASC;INAN
poziom	poziomu	MASC;INAN
połączenie	połączenia	NEUT
pończocha	pończochy	FEM
pościel	pościeli	FEM
pragnienie	pragnienia	NEUT
pralnia	pralni	FEM
prawnuczek	prawnuczka	MASC;HUM
prawnuk	prawnuka	MASC;HUM
prezerwatywa	prezerwatywy	FEM
proboszcz	proboszcza	MASC;HUM
produkt	produktu	MASC;INAN
propaganda	propagandy	FEM
przecinek	przecinka	MASC;INAN
przepaść	przepaści	FEM
przesąd	przesądu	MASC;INAN
przeżuwacz	przeżuwacza	MASC;ANIM
przychód	przychodu	MASC;INAN
przydupas	przydupasa	MASC;HUM
przypał	przypału	MASC;INAN
przyrostek	przyrostka	MASC;INAN
przyzwolenie	przyzwolenia	NEUT
próżnia	próżni	FEM
psalm	psalmu	MASC;INAN
psychol	psychola	MASC;ANIM
pulpet	pulpeta	MASC;INAN
pulsar	pulsara	MASC;INAN
pustak	pustaka	MASC;INAN
pustkowie	pustkowia	NEUT
puszcza	puszczy	FEM
pęknięcie	pęknięcia	NEUT
płaszczyzna	płaszczyzny	FEM
płatność	płatności	FEM
płomykówka	płomykówki	FEM
raca	racy	FEM
raj	raju	MASC;INAN
rano	rana	NEUT
raper	rapera	MASC;HUM
realista	realisty	MASC;HUM
recepta	recepty	FEM
reklama	reklamy	FEM
remake	remak'u	MASC;INAN
rezun	rezuna	MASC;HUM
rodzic	rodzica	MASC;HUM
rodzynek	rodzynka	MASC;INAN
rogal	rogala	MASC;INAN
romboedr	romboedru	MASC;INAN
ropucha	ropuchy	FEM
roszada	roszady	FEM
rozbieżność	rozbieżności	FEM
rozejm	rozejmu	MASC;INAN
rozgrzewka	rozgrzewki	FEM
rozmowa	rozmowy	FEM
rożeniec	rożeńca	MASC;ANIM
ruletka	ruletki	FEM
rurociąg	rurociągu	MASC;INAN
ryba	ryby	FEM
rybołów	rybołowa	MASC;ANIM
rylec	rylca	MASC;INAN
rzepak	rzepaku	MASC;INAN
rzeźbiarka	rzeźbiarki	FEM
róg	rogu	MASC;INAN
równina	równiny	FEM
równoważnik	równoważnika	MASC;INAN
różaniec	różańca	MASC;INAN
ręka	ręki	FEM
rękojeść	rękojeści	FEM
sadzonka	sadzonki	FEM
samotnik	samotnika	MASC;HUM
sardynka	sardynki	FEM
sarkofag	sarkofagu	MASC;INAN
scena	sceny	FEM
schyłek	schyłku	MASC;INAN
serwetka	serwetki	FEM
serwis	serwisu	MASC;INAN
sierociniec	sierocińca	MASC;INAN
sierść	sierści	FEM
simens	simensa	MASC;INAN
siusiak	siusiaka	MASC;ANIM
skroń	skroni	FEM
skrzydło	skrzydła	NEUT
skrzyżowanie	skrzyżowania	NEUT
skóra	skóry	FEM
skłonność	skłonności	FEM
socynianin	socynianina	MASC;HUM
sokół	sokoła	MASC;ANIM
solarium	solarium	NEUT
spacer	spaceru	MASC;INAN
spektroskop	spektroskopu	MASC;INAN
sprzedawczyni	sprzedawczyni	FEM
spust	spustu	MASC;INAN
stadło	stadła	NEUT
staw	stawu	MASC;INAN
ster	steru	MASC;INAN
stopień	stopnia	MASC;INAN
storczyk	storczyka	MASC;INAN
strateg	stratega	MASC;HUM
strit	strita	MASC;ANIM
strzemię	strzemienia	NEUT
strzęp	strzępu	MASC;INAN
stwardnienie	stwardnienia	NEUT
stół	stołu	MASC;INAN
suchar	suchara	MASC;INAN
surowica	surowicy	FEM
surowiec	surowca	MASC;INAN
sutanna	sutanny	FEM
sylwester	sylwestra	MASC;ANIM
szablodziób	szablodzioba	MASC;ANIM
szaleństwo	szaleństwa	NEUT
szaniec	szańca	MASC;INAN
szansa	szansy	FEM
szarańcza	szarańczy	FEM
szarlatan	szarlatana	MASC;HUM
szarość	szarości	FEM
szczudłak	szczudłaka	MASC;ANIM
szczwół	szczwołu	MASC;INAN
szczypior	szczypioru	MASC;INAN
szczyt	szczytu	MASC;INAN
sześcian	sześcianu	MASC;INAN
sześciokąt	sześciokąta	MASC;INAN
szkodnik	szkodnika	MASC;ANIM
szkoła	szkoły	FEM
szlaka	szlaki	FEM
szpak	szpaka	MASC;ANIM
sztylet	sztyletu	MASC;INAN
szybkość	szybkości	FEM
szyneczka	szyneczki	FEM
szyszka	szyszki	FEM
szóstka	szóstki	FEM
słodycz	słodyczy	FEM
słoik	słoika	MASC;ANIM
słowak	słowaka	MASC;HUM
słup	słupa	MASC;ANIM
tabloid	tabloidu	MASC;INAN
tajfun	tajfunu	MASC;INAN
tama	tamy	FEM
tancerka	tancerki	FEM
taraban	tarabanu	MASC;INAN
taternik	taternika	MASC;HUM
tatuś	tatusia	MASC;HUM
tkanka	tkanki	FEM
tonsura	tonsury	FEM
topograf	topografa	MASC;HUM
topola	topoli	FEM
tost	tosta	MASC;INAN
towarzystwo	towarzystwa	NEUT
towarzysz	towarzysza	MASC;HUM
trapez	trapezu	MASC;INAN
tratwa	tratwy	FEM
tron	tronu	MASC;INAN
trzon	trzonu	MASC;INAN
trzonowiec	trzonowca	MASC;INAN
trzustka	trzustki	FEM
trójka	trójki	FEM
trójwzgórze	trójwzgórza	NEUT
turbina	turbiny	FEM
turzyca	turzycy	FEM
tył	tyłu	MASC;INAN
tętnica	tętnicy	FEM
ulga	ulgi	FEM
umowa	umowy	FEM
undekan	undekanu	MASC;INAN
upał	upału	MASC;INAN
upiór	upiora	MASC;HUM
upokorzenie	upokorzenia	NEUT
uraninit	uraninitu	MASC;INAN
urzędas	urzędasa	MASC;HUM
wandal	wandala	MASC;HUM
wandalizm	wandalizmu	MASC;INAN
warchlak	warchlaka	MASC;ANIM
warkocz	warkocza	MASC;INAN
warszawianin	warszawianina	MASC;HUM
warszawianka	warszawianki	FEM
werset	wersetu	MASC;INAN
wesz	wszy	FEM
wiadro	wiadra	NEUT
wiadukt	wiaduktu	MASC;INAN
wibrafon	wibrafonu	MASC;INAN
widzenie	widzenia	NEUT
wiejadło	wiejadła	NEUT
wiertło	wiertła	NEUT
wilczek	wilczka	MASC;ANIM
wilczur	wilczura	MASC;ANIM
wilczyca	wilczycy	FEM
winda	windy	FEM
wnuczka	wnuczki	FEM
wodza	wodzy	FEM
wojewoda	wojewody	MASC;HUM
wola	woli	FEM
worek	worka	MASC;INAN
woźna	woźnej	FEM
woźnica	woźnicy	MASC;HUM
wrzeciono	wrzeciona	NEUT
wróżda	wróżdy	FEM
wróżka	wróżki	FEM
wspornik	wspornika	MASC;INAN
współpracownik	współpracownika	MASC;HUM
wulkan	wulkanu	MASC;INAN
wycieczka	wycieczki	FEM
wyjście	wyjścia	NEUT
wykładnia	wykładni	FEM
wykładnik	wykładnika	MASC;INAN
wyprzedaż	wyprzedaży	FEM
wyrób	wyrobu	MASC;INAN
wyścig	wyścigu	MASC;INAN
wątek	wątku	MASC;INAN
wędlina	wędliny	FEM
węgierka	węgierki	FEM
właściciel	właściciela	MASC;HUM
włóczęga	włóczęgi	MASC;HUM
zabawa	zabawy	FEM
zabawka	zabawki	FEM
zabobon	zabobonu	MASC;INAN
zachcianka	zachcianki	FEM
zagadka	zagadki	FEM
zagrożenie	zagrożenia	NEUT
zalążek	zalążka	MASC;INAN
zaprzaniec	zaprzańca	MASC;HUM
zasilacz	zasilacza	MASC;INAN
zdrowaśka	zdrowaśki	FEM
zebranie	zebrania	NEUT
zegarmistrz	zegarmistrza	MASC;HUM
ziomal	ziomala	MASC;HUM
złotnik	złotnika	MASC;HUM
złożenie	złożenia	NEUT
łagier	łagru	MASC;INAN
ławeczka	ławeczki	FEM
łycha	łychy	FEM
łódź	łodzi	FEM
ścieg	ściegu	MASC;INAN
ślepota	ślepoty	FEM
śmiech	śmiechu	MASC;INAN
światło	światła	NEUT
świekra	świekry	FEM
świnka	świnki	FEM
świątynia	świątyni	FEM
źrebię	źrebięcia	NEUT
żarówka	żarówki	FEM
żelatyna	żelatyny	FEM
żeniec	żeńca	MASC;HUM
żerdź	żerdzi	FEM
żołna	żołny	FEM
żółw	żółwia	MASC;ANIM
żółwik	żółwika	MASC;ANIM
abiogeneza	abiogenezy	FEM
afgańczyk	afgańczyka	MASC;HUM
akwedukt	akweduktu	MASC;INAN
aldehyd	aldehydu	MASC;INAN
algebra	algebry	FEM
alkoholik	alkoholika	MASC;HUM
ambasador	ambasadora	MASC;HUM
anachronizm	anachronizmu	MASC;INAN
antonówka	antonówki	FEM
arkada	arkady	FEM
astronauta	astronauty	MASC;HUM
asystentka	asystentki	FEM
atrapa	atrapy	FEM
autostop	autostopu	MASC;INAN
autostrada	autostrady	FEM
babka	babki	FEM
bagażnik	bagażnika	MASC;INAN
bagno	bagna	NEUT
banan	banana	MASC;ANIM
bankomat	bankomatu	MASC;INAN
barbarzyństwo	barbarzyństwa	NEUT
barion	barionu	MASC;INAN
barometr	barometru	MASC;INAN
baryłka	baryłki	FEM
bałwan	bałwana	MASC;ANIM
bezokolicznik	bezokolicznika	MASC;INAN
bełt	bełtu	MASC;INAN
bilet	biletu	MASC;INAN
biopaliwo	biopaliwa	NEUT
biotop	biotopu	MASC;INAN
blizna	blizny	FEM
bluza	bluzy	FEM
bod	bodu	MASC;INAN
boja	boi	FEM
borówka	borówki	FEM
botanik	botanika	MASC;HUM
brewiarz	brewiarza	MASC;INAN
brokuł	brokułu	MASC;INAN
broszura	broszury	FEM
brukiew	brukwi	FEM
bruneta	brunety	FEM
brzuszek	brzuszka	MASC;INAN
budowniczy	budowniczego	MASC;HUM
bukłak	bukłaka	MASC;INAN
burda	burdy	FEM
burdelmama	burdelmamy	FEM
bułgar	bułgara	MASC;HUM
buńczuk	buńczuka	MASC;INAN
bóbr	bobra	MASC;ANIM
bąk	bąka	MASC;ANIM
car	cara	MASC;HUM
caryca	carycy	FEM
cennik	cennika	MASC;INAN
cesarzowa	cesarzowej	FEM
chasyd	chasyda	MASC;HUM
chomik	chomika	MASC;ANIM
choroba	choroby	FEM
ciastko	ciastka	NEUT
ciasto	ciasta	NEUT
cielę	cielęcia	NEUT
ciąża	ciąży	FEM
ciężar	ciężaru	MASC;INAN
ciężarówka	ciężarówki	FEM
cokół	cokoła	MASC;INAN
cosinus	cosinusa	MASC;INAN
cukier	cukru	MASC;INAN
cygaro	cygara	NEUT
czaszka	czaszki	FEM
czek	czeku	MASC;INAN
czeladnik	czeladnika	MASC;HUM
czernica	czernicy	FEM
czerwień	czerwieni	FEM
czips	czipsa	MASC;ANIM
czwórka	czwórki	FEM
czynnik	czynnika	MASC;INAN
czynność	czynności	FEM
czytelniczka	czytelniczki	FEM
cło	cła	NEUT
dandys	dandysa	MASC;HUM
delta	delty	FEM
demokrata	demokraty	MASC;HUM
demon	demona	MASC;ANIM
deskorolka	deskorolki	FEM
diabeł	diabła	MASC;ANIM
diablica	diablicy	FEM
docent	docenta	MASC;HUM
dodekan	dodekanu	MASC;INAN
doktor	doktora	MASC;HUM
doktorantka	doktorantki	FEM
domena	domeny	FEM
dopełnienie	dopełnienia	NEUT
dopływ	dopływu	MASC;INAN
doradca	doradcy	MASC;HUM
dostatek	dostatku	MASC;INAN
drabina	drabiny	FEM
drobnostka	drobnostki	FEM
drukarka	drukarki	FEM
drzewostan	drzewostanu	MASC;INAN
dwumian	dwumianu	MASC;INAN
dwójeczka	dwójeczki	FEM
dwójka	dwójki	FEM
dyftong	dyftongu	MASC;INAN
dymnica	dymnicy	FEM
dziewczę	dziewczęcia	NEUT
dziewica	dziewicy	FEM
dziąsło	dziąsła	NEUT
dzięcioł	dzięcioła	MASC;ANIM
dzwon	dzwonu	MASC;INAN
dłubanka	dłubanki	FEM
dług	długu	MASC;INAN
dżezbend	dżezbendu	MASC;INAN
dżojstik	dżojstika	MASC;INAN
ebonit	ebonitu	MASC;INAN
ekran	ekranu	MASC;INAN
ekskrement	ekskrementu	MASC;INAN
ekspedient	ekspedienta	MASC;HUM
ekspedientka	ekspedientki	FEM
ekstrakt	ekstraktu	MASC;INAN
ekstremum	ekstremum	NEUT
elektron	elektronu	MASC;INAN
elita	elity	FEM
energetyk	energetyka	MASC;INAN
entomolog	entomologa	MASC;HUM
entuzjastka	entuzjastki	FEM
enzym	enzymu	MASC;INAN
epifit	epifitu	MASC;INAN
era	ery	FEM
errata	erraty	FEM
ester	estru	MASC;INAN
eter	eteru	MASC;INAN
etrusk	etruska	MASC;HUM
falanga	falangi	FEM
fanatyk	fanatyka	MASC;HUM
farsa	farsy	FEM
faszysta	faszysty	MASC;HUM
fax	faksu	MASC;INAN
filozof	filozofa	MASC;HUM
fiolka	fiolki	FEM
fiord	fiordu	MASC;INAN
fiołek	fiołka	MASC;INAN
fizjoterapeuta	fizjoterapeuty	MASC;HUM
flądra	flądry	FEM
foka	foki	FEM
folwark	folwarku	MASC;INAN
fortepian	fortepianu	MASC;INAN
fotka	fotki	FEM
frajer	frajera	MASC;HUM
frank	franka	MASC;ANIM
fuzarioza	fuzariozy	FEM
gamratka	gamratki	FEM
gargulec	gargulca	MASC;ANIM
garnuszek	garnuszka	MASC;INAN
gatunek	gatunku	MASC;INAN
gest	gestu	MASC;INAN
gigant	giganta	MASC;HUM
gniazdo	gniazda	NEUT
godność	godności	FEM
golonka	golonki	FEM
gołębię	gołębięcia	NEUT
grahamka	grahamki	FEM
gramofon	gramofonu	MASC;INAN
grej	greja	MASC;INAN
grzechotka	grzechotki	FEM
grzybień	grzybienia	MASC;INAN
grążel	grążela	MASC;INAN
góralka	góralki	FEM
głoska	głoski	FEM
głupota	głupoty	FEM
głusza	głuszy	FEM
haracz	haraczu	MASC;INAN
harcerz	harcerza	MASC;HUM
hasło	hasła	NEUT
hipis	hipisa	MASC;HUM
hipodrom	hipodromu	MASC;INAN
hiragana	hiragany	FEM
hokeista	hokeisty	MASC;HUM
homar	homara	MASC;ANIM
hormon	hormonu	MASC;INAN
hreczka	hreczki	FEM
huśtawka	huśtawki	FEM
ikona	ikony	FEM
irlandczyk	irlandczyka	MASC;HUM
irlandka	irlandki	FEM
iskra	iskry	FEM
istota	istoty	FEM
jabło	jabła	NEUT
jagnię	jagnięcia	NEUT
jajnik	jajnika	MASC;INAN
jajo	jaja	NEUT
jamochłon	jamochłona	MASC;ANIM
jarząbek	jarząbka	MASC;ANIM
jarzębatka	jarzębatki	FEM
jarzębina	jarzębiny	FEM
jaźń	jaźni	FEM
jezioro	jeziora	NEUT
joker	jokera	MASC;ANIM
język	języka	MASC;INAN
kabaczek	kabaczka	MASC;ANIM
kabanos	kabanosa	MASC;ANIM
kadzielnica	kadzielnicy	FEM
kaldera	kaldery	FEM
kamera	kamery	FEM
kamieniołom	kamieniołomu	MASC;INAN
kanadyjczyk	kanadyjczyka	MASC;HUM
kanapeczka	kanapeczki	FEM
kanar	kanara	MASC;HUM
kantar	kantara	MASC;INAN
kantor	kantoru	MASC;INAN
karczoch	karczocha	MASC;ANIM
kaszubka	kaszubki	FEM
kat	kata	MASC;HUM
katafalk	katafalku	MASC;INAN
katal	katalu	MASC;INAN
kawał	kawału	MASC;INAN
kawowiec	kawowca	MASC;INAN
kciuk	kciuka	MASC;INAN
kebs	kebsa	MASC;ANIM
keczup	keczupu	MASC;INAN
ketchup	ketchupu	MASC;INAN
kierownik	kierownika	MASC;HUM
kieszeń	kieszeni	FEM
kij	kija	MASC;INAN
kilogram	kilograma	MASC;INAN
kiosk	kiosku	MASC;INAN
klawesyn	klawesynu	MASC;INAN
klawisz	klawisza	MASC;INAN
knur	knura	MASC;ANIM
kobierzec	kobierca	MASC;INAN
kociołek	kociołka	MASC;INAN
kolano	kolana	NEUT
komora	komory	FEM
kompakt	kompaktu	MASC;INAN
kompot	kompotu	MASC;INAN
koncern	koncernu	MASC;INAN
kondensator	kondensatora	MASC;INAN
kontrabas	kontrabasu	MASC;INAN
kopiec	kopca	MASC;INAN
kort	kortu	MASC;INAN
koryto	koryta	NEUT
kosarz	kosarza	MASC;ANIM
koszykarz	koszykarza	MASC;HUM
kotłownia	kotłowni	FEM
koło	koła	NEUT
kołysanka	kołysanki	FEM
kość	kości	FEM
krach	krachu	MASC;INAN
kran	kranu	MASC;INAN
krochmal	krochmalu	MASC;INAN
krzyk	krzyku	MASC;INAN
krzywizna	krzywizny	FEM
księga	księgi	FEM
ksylofon	ksylofonu	MASC;INAN
kubeł	kubła	MASC;INAN
kundel	kundla	MASC;ANIM
kur	kura	MASC;ANIM
kurzajka	kurzajki	FEM
kwadrat	kwadratu	MASC;INAN
kwazicząstka	kwazicząstki	FEM
kwota	kwoty	FEM
kół	kołu	MASC;INAN
kąpiel	kąpieli	FEM
lakier	lakieru	MASC;INAN
lakton	laktonu	MASC;INAN
latawiec	latawca	MASC;INAN
legar	legara	MASC;INAN
lekarka	lekarki	FEM
lelek	lelka	MASC;ANIM
lemur	lemura	MASC;ANIM
lewak	lewaka	MASC;HUM
licealista	licealisty	MASC;HUM
lico	lica	NEUT
ligustr	ligustru	MASC;INAN
litr	litra	MASC;INAN
lizyna	lizyny	FEM
lotka	lotki	FEM
ludojad	ludojada	MASC;HUM
lumpeks	lumpeksu	MASC;INAN
lęk	lęku	MASC;INAN
macedonka	macedonki	FEM
makak	makaka	MASC;ANIM
makler	maklera	MASC;HUM
mamer	mamra	MASC;INAN
marchewka	marchewki	FEM
marszałek	marszałka	MASC;HUM
masażystka	masażystki	FEM
maskonur	maskonura	MASC;ANIM
masowiec	masowca	MASC;INAN
małpolud	małpoluda	MASC;HUM
małżeństwo	małżeństwa	NEUT
małżonek	małżonka	MASC;HUM
maślanka	maślanki	FEM
mebel	mebla	MASC;INAN
mejl	mejla	MASC;ANIM
melonik	melonika	MASC;INAN
metan	metanu	MASC;INAN
mezuza	mezuzy	FEM
miasto	miasta	NEUT
miejsce	miejsca	NEUT
minerał	minerału	MASC;INAN
ministrant	ministranta	MASC;HUM
miot	miotu	MASC;INAN
modrzew	modrzewia	MASC;INAN
montażysta	montażysty	MASC;HUM
morena	moreny	FEM
mrzonka	mrzonki	FEM
mrówka	mrówki	FEM
mrówkojad	mrówkojada	MASC;ANIM
mundurek	mundurka	MASC;INAN
muszkiet	muszkietu	MASC;INAN
muzyk	muzyka	MASC;HUM
mysikrólik	mysikrólika	MASC;ANIM
myszka	myszki	FEM
mącznica	mącznicy	FEM
młodziwo	młodziwa	NEUT
nabożeństwo	nabożeństwa	NEUT
naczelnik	naczelnika	MASC;HUM
nadmiar	nadmiaru	MASC;INAN
najemca	najemcy	MASC;HUM
napięcie	napięcia	NEUT
napletek	napletka	MASC;INAN
narząd	narządu	MASC;INAN
narów	narowu	MASC;INAN
następnik	następnika	MASC;INAN
nauka	nauki	FEM
nawrót	nawrotu	MASC;INAN
nerw	nerwu	MASC;INAN
niedźwiedzica	niedźwiedzicy	FEM
niemetal	niemetalu	MASC;INAN
nieład	nieładu	MASC;INAN
niuans	niuansu	MASC;INAN
notatka	notatki	FEM
nowina	nowiny	FEM
nożownik	nożownika	MASC;HUM
nukleon	nukleonu	MASC;INAN
obcas	obcasa	MASC;INAN
oboczność	oboczności	FEM
obłok	obłoku	MASC;INAN
ocena	oceny	FEM
ochroniarz	ochroniarza	MASC;HUM
odnowa	odnowy	FEM
odpluskwiacz	odpluskwiacza	MASC;INAN
odpowiedź	odpowiedzi	FEM
oferta	oferty	FEM
ogrodnik	ogrodnika	MASC;HUM
ogród	ogrodu	MASC;INAN
ohar	ohara	MASC;ANIM
ohm	ohma	MASC;INAN
okup	okupu	MASC;INAN
olszyna	olszyny	FEM
opłatek	opłatka	MASC;INAN
orbitrek	orbitreka	MASC;INAN
ostroga	ostrogi	FEM
ostrzałka	ostrzałki	FEM
pacha	pachy	FEM
pajęczak	pajęczaka	MASC;ANIM
palec	palca	MASC;INAN
pamięć	pamięci	FEM
pandeista	pandeisty	MASC;HUM
panteista	panteisty	MASC;HUM
papuga	papugi	FEM
paronim	paronimu	MASC;INAN
parweniusz	parweniusza	MASC;HUM
pasterka	pasterki	FEM
pasterz	pasterza	MASC;HUM
paw	pawia	MASC;ANIM
paznokieć	paznokcia	MASC;INAN
paśnik	paśnika	MASC;INAN
pech	pecha	MASC;ANIM
pedagog	pedagoga	MASC;HUM
pesymista	pesymisty	MASC;HUM
pieg	piega	MASC;INAN
pielgrzym	pielgrzyma	MASC;HUM
pigwa	pigwy	FEM
pijawka	pijawki	FEM
pionek	pionka	MASC;INAN
pirolizyna	pirolizyny	FEM
planeta	planety	FEM
plik	pliku	MASC;INAN
pobór	poboru	MASC;INAN
pochwa	pochwy	FEM
pocisk	pocisku	MASC;INAN
pociąg	pociągu	MASC;INAN
podróbka	podróbki	FEM
podłoga	podłogi	FEM
pogromca	pogromcy	MASC;HUM
pokolenie	pokolenia	NEUT
pokrzywa	pokrzywy	FEM
pokusa	pokusy	FEM
polewka	polewki	FEM
polisomia	polisomii	FEM
pompa	pompy	FEM
populista	populisty	MASC;HUM
poradnik	poradnika	MASC;INAN
porażka	porażki	FEM
powieka	powieki	FEM
powrósło	powrósła	NEUT
pościg	pościgu	MASC;INAN
pracownik	pracownika	MASC;HUM
prałat	prałata	MASC;HUM
proces	procesu	MASC;INAN
prosiak	prosiaka	MASC;ANIM
prywaciarz	prywaciarza	MASC;HUM
przechadzka	przechadzki	FEM
przeciwciało	przeciwciała	NEUT
przedimek	przedimka	MASC;INAN
przedsięwzięcie	przedsięwzięcia	NEUT
przegląd	przeglądu	MASC;INAN
przekleństwo	przekleństwa	NEUT
przekrój	przekroju	MASC;INAN
przekręt	przekrętu	MASC;INAN
przewrotka	przewrotki	FEM
przełącznik	przełącznika	MASC;INAN
przycisk	przycisku	MASC;INAN
przyczyna	przyczyny	FEM
przyjaciel	przyjaciela	MASC;HUM
przyjaźń	przyjaźni	FEM
przyjęcie	przyjęcia	NEUT
przykład	przykładu	MASC;INAN
przypływ	przypływu	MASC;INAN
pstrąg	pstrąga	MASC;ANIM
pszeniec	pszeńca	MASC;INAN
puder	pudru	MASC;INAN
puenta	puenty	FEM
puzon	puzonu	MASC;INAN
półeczka	półeczki	FEM
półfinalista	półfinalisty	MASC;HUM
półfinał	półfinału	MASC;INAN
półksiężyc	półksiężyca	MASC;INAN
półnuta	półnuty	FEM
pępek	pępka	MASC;INAN
płaca	płacy	FEM
płomień	płomienia	MASC;INAN
płoza	płozy	FEM
płoć	płoci	FEM
pług	pługu	MASC;INAN
płyta	płyty	FEM
rabarbar	rabarbaru	MASC;INAN
rabunek	rabunku	MASC;INAN
rachunek	rachunku	MASC;INAN
rak	raka	MASC;ANIM
rarytas	rarytasu	MASC;INAN
rasistka	rasistki	FEM
ratrak	ratraku	MASC;INAN
relief	reliefu	MASC;INAN
replika	repliki	FEM
robot	robota	MASC;INAN
robotnik	robotnika	MASC;HUM
rodak	rodaka	MASC;HUM
rozdział	rozdziału	MASC;INAN
rozpierducha	rozpierduchy	FEM
rozpustnik	rozpustnika	MASC;HUM
rura	rury	FEM
rycerz	rycerza	MASC;HUM
rywal	rywala	MASC;HUM
ryza	ryzy	FEM
rzecz	rzeczy	FEM
rzecznik	rzecznika	MASC;HUM
rzemiosło	rzemiosła	NEUT
rzeźba	rzeźby	FEM
rzeźnia	rzeźni	FEM
rzęsa	rzęsy	FEM
równoległobok	równoległoboku	MASC;INAN
rózga	rózgi	FEM
scenariusz	scenariusza	MASC;INAN
schadzka	schadzki	FEM
schorzenie	schorzenia	NEUT
seminarium	seminarium	NEUT
shogun	shoguna	MASC;HUM
siedmiokąt	siedmiokąta	MASC;INAN
silnia	silni	FEM
siniec	sińca	MASC;INAN
siła	siły	FEM
skakanka	skakanki	FEM
skamielina	skamieliny	FEM
sklejka	sklejki	FEM
skok	skoku	MASC;INAN
skrypt	skryptu	MASC;INAN
skrzat	skrzata	MASC;ANIM
skrzydłówka	skrzydłówki	FEM
skrzynia	skrzyni	FEM
skrót	skrótu	MASC;INAN
skunks	skunksa	MASC;ANIM
smoking	smokingu	MASC;INAN
smoła	smoły	FEM
sobota	soboty	FEM
sopel	sopla	MASC;INAN
spadochron	spadochronu	MASC;INAN
spirodela	spirodeli	FEM
splot	splotu	MASC;INAN
sposób	sposobu	MASC;INAN
sprężyna	sprężyny	FEM
spódnica	spódnicy	FEM
spójnik	spójnika	MASC;INAN
spółka	spółki	FEM
spłonka	spłonki	FEM
sraczka	sraczki	FEM
stado	stada	NEUT
stalagmit	stalagmitu	MASC;INAN
stan	stanu	MASC;INAN
starosta	starosty	MASC;HUM
statek	statku	MASC;INAN
statuetka	statuetki	FEM
statyw	statywu	MASC;INAN
steradian	steradiana	MASC;INAN
stewardessa	stewardessy	FEM
stonoga	stonogi	FEM
stopa	stopy	FEM
strach	strachu	MASC;INAN
straż	straży	FEM
stres	stresu	MASC;INAN
strofa	strofy	FEM
strzecha	strzechy	FEM
strzelnica	strzelnicy	FEM
studniówka	studniówki	FEM
stwór	stwora	MASC;ANIM
sukces	sukcesu	MASC;INAN
suma	sumy	FEM
supermarket	supermarketu	MASC;INAN
surrealista	surrealisty	MASC;HUM
symptom	symptomu	MASC;INAN
syn	syna	MASC;HUM
synagoga	synagogi	FEM
szajba	szajby	FEM
szalet	szaletu	MASC;INAN
szaman	szamana	MASC;HUM
szampon	szamponu	MASC;INAN
szarada	szarady	FEM
szarlotka	szarlotki	FEM
szczelina	szczeliny	FEM
szczoteczka	szczoteczki	FEM
szelężnik	szelężnika	MASC;INAN
szkocka	szkockiej	FEM
szkop	szkopa	MASC;ANIM
szminka	szminki	FEM
szop	szopa	MASC;ANIM
sztuka	sztuki	FEM
szubrawca	szubrawcy	MASC;HUM
szwajcar	szwajcara	MASC;HUM
szwed	szweda	MASC;HUM
szyszynka	szyszynki	FEM
sówka	sówki	FEM
słoneczko	słoneczka	NEUT
słownik	słownika	MASC;INAN
słoń	słonia	MASC;ANIM
tabela	tabeli	FEM
taca	tacy	FEM
tapczan	tapczanu	MASC;INAN
taras	tarasu	MASC;INAN
technik	technika	MASC;HUM
tenisówka	tenisówki	FEM
teren	terenu	MASC;INAN
tiramisu	tiramisu	NEUT
tkaczka	tkaczki	FEM
tokarka	tokarki	FEM
tożsamość	tożsamości	FEM
tranzystor	tranzystora	MASC;INAN
trener	trenera	MASC;HUM
trumna	trumny	FEM
truteń	trutnia	MASC;ANIM
tryptofan	tryptofanu	MASC;INAN
trąba	trąby	FEM
turban	turbanu	MASC;INAN
turysta	turysty	MASC;HUM
twardówka	twardówki	FEM
twarz	twarzy	FEM
tłum	tłumu	MASC;INAN
tłumaczenie	tłumaczenia	NEUT
tłuszcz	tłuszczu	MASC;INAN
ucieczka	ucieczki	FEM
uczeń	ucznia	MASC;HUM
uczucie	uczucia	NEUT
ukośnik	ukośnika	MASC;INAN
ukrainiec	ukraińca	MASC;HUM
unieważnienie	unieważnienia	NEUT
uniform	uniformu	MASC;INAN
upgrade	upgrade'u	MASC;INAN
uprawa	uprawy	FEM
urna	urny	FEM
urząd	urzędu	MASC;INAN
urządzenie	urządzenia	NEUT
uzdrowisko	uzdrowiska	NEUT
walec	walca	MASC;INAN
walijka	walijki	FEM
wanna	wanny	FEM
wartość	wartości	FEM
ważniak	ważniaka	MASC;HUM
weekend	weekendu	MASC;INAN
wers	wersu	MASC;INAN
wiarołomca	wiarołomcy	MASC;HUM
wibrator	wibratora	MASC;INAN
widelczyk	widelczyka	MASC;INAN
widmo	widma	NEUT
wierchuszka	wierchuszki	FEM
wierzba	wierzby	FEM
wieszczyk	wieszczyka	MASC;ANIM
wiewiórka	wiewiórki	FEM
wikipedysta	wikipedysty	MASC;HUM
wino	wina	NEUT
winogrono	winogrona	NEUT
wizyta	wizyty	FEM
wić	wici	FEM
więzień	więźnia	MASC;HUM
wokalista	wokalisty	MASC;HUM
wrzosowisko	wrzosowiska	NEUT
wujek	wujka	MASC;HUM
wybrzeże	wybrzeża	NEUT
wydawnictwo	wydawnictwa	NEUT
wygibas	wygibasu	MASC;INAN
wygoda	wygody	FEM
wykład	wykładu	MASC;INAN
wymię	wymienia	NEUT
wyspa	wyspy	FEM
występ	występu	MASC;INAN
wyszywanka	wyszywanki	FEM
wytrysk	wytrysku	MASC;INAN
wywłaszczenie	wywłaszczenia	NEUT
wyżerka	wyżerki	FEM
wyżeł	wyżła	MASC;ANIM
wódz	wodza	MASC;HUM
wądół	wądołu	MASC;INAN
wędrowiec	wędrowca	MASC;HUM
węgier	węgra	MASC;HUM
włos	włosa	MASC;INAN
włosienica	włosienicy	FEM
zachowanie	zachowania	NEUT
zagon	zagonu	MASC;INAN
zakreślacz	zakreślacza	MASC;INAN
zalogowanie	zalogowania	NEUT
zamawiaczka	zamawiaczki	FEM
zboże	zboża	NEUT
zgon	zgonu	MASC;INAN
zgraja	zgrai	FEM
zgred	zgreda	MASC;ANIM
zieleń	zieleni	FEM
zjeb	zjeba	MASC;ANIM
zmartwienie	zmartwienia	NEUT
zszywka	zszywki	FEM
zupa	zupy	FEM
zwrot	zwrotu	MASC;INAN
zwrotka	zwrotki	FEM
zwycięzca	zwycięzcy	MASC;ANIM
zwyczaj	zwyczaju	MASC;INAN
zygota	zygoty	FEM
złoczyńca	złoczyńcy	MASC;HUM
ósemka	ósemki	FEM
ćwierćfinał	ćwierćfinału	MASC;INAN
łagiew	łagwi	FEM
łowca	łowcy	MASC;HUM
łyska	łyski	FEM
łącze	łącza	NEUT
łąka	łąki	FEM
śliwa	śliwy	FEM
ślusarz	ślusarza	MASC;HUM
śmieciarka	śmieciarki	FEM
śmigło	śmigła	NEUT
śrubka	śrubki	FEM
świerszczyk	świerszczyka	MASC;ANIM
świstun	świstuna	MASC;ANIM
święty	świętego	MASC;HUM
żaba	żaby	FEM
żagiew	żagwi	FEM
żeń-szeń	żeń-szenia	MASC;INAN
żonkil	żonkila	MASC;ANIM
żądza	żądzy	FEM
żądło	żądła	NEUT
abakus	abakusu	MASC;INAN
adresatka	adresatki	FEM
adwokatka	adwokatki	FEM
aksjomat	aksjomatu	MASC;INAN
akson	aksonu	MASC;INAN
akt	aktu	MASC;INAN
alanina	alaniny	FEM
albanka	albanki	FEM
alpaga	alpagi	FEM
amperomierz	amperomierza	MASC;INAN
amulet	amuletu	MASC;INAN
anarchista	anarchisty	MASC;HUM
andorczyk	andorczyka	MASC;HUM
android	androida	MASC;ANIM
animista	animisty	MASC;HUM
anion	anionu	MASC;INAN
attyka	attyki	FEM
auto	auta	NEUT
autostopowiczka	autostopowiczki	FEM
azyl	azylu	MASC;INAN
badyl	badyla	MASC;INAN
bagnet	bagnetu	MASC;INAN
baldachim	baldachimu	MASC;INAN
balkon	balkonu	MASC;INAN
bandyta	bandyty	MASC;HUM
bankrut	bankruta	MASC;HUM
barwinek	barwinka	MASC;ANIM
bat	bata	MASC;INAN
bazar	bazaru	MASC;INAN
bekerel	bekerela	MASC;INAN
belka	belki	FEM
białorusin	białorusina	MASC;HUM
białorusinka	białorusinki	FEM
biba	biby	FEM
bibliograf	bibliografa	MASC;HUM
bieg	biegu	MASC;INAN
bielmo	bielma	NEUT
bierzmowanie	bierzmowania	NEUT
blokada	blokady	FEM
bluzeczka	bluzeczki	FEM
bochen	bochna	MASC;INAN
bogacz	bogacza	MASC;HUM
bohater	bohatera	MASC;HUM
bohaterka	bohaterki	FEM
bojaźń	bojaźni	FEM
bolid	bolidu	MASC;INAN
borsuk	borsuka	MASC;ANIM
bożyszcze	bożyszcza	NEUT
bratanek	bratanka	MASC;HUM
bratobójstwo	bratobójstwa	NEUT
brew	brwi	FEM
bryg	brygu	MASC;INAN
brykiet	brykietu	MASC;INAN
brytyjczyk	brytyjczyka	MASC;HUM
budowa	budowy	FEM
bumerang	bumerangu	MASC;INAN
burak	buraka	MASC;ANIM
but	buta	MASC;INAN
butan	butanu	MASC;INAN
bękart	bękarta	MASC;ANIM
błotniak	błotniaka	MASC;ANIM
błyskawica	błyskawicy	FEM
cep	cepa	MASC;INAN
cewa	cewy	FEM
cewnik	cewnika	MASC;INAN
chloran	chloranu	MASC;INAN
chlorek	chlorku	MASC;INAN
chochelka	chochelki	FEM
chorągiew	chorągwi	FEM
chronolatria	chronolatrii	FEM
chrząszcz	chrząszcza	MASC;ANIM
chrzęst	chrzęstu	MASC;INAN
chód	chodu	MASC;INAN
chłodnia	chłodni	FEM
chłopak	chłopaka	MASC;HUM
ciałko	ciałka	NEUT
cieć	ciecia	MASC;HUM
ciosła	ciosły	FEM
ciotka	ciotki	FEM
cukierek	cukierka	MASC;INAN
cyborg	cyborga	MASC;ANIM
cyc	cyca	MASC;INAN
cycuszek	cycuszka	MASC;INAN
cydr	cydru	MASC;INAN
cymes	cymesu	MASC;INAN
cytadela	cytadeli	FEM
cytryna	cytryny	FEM
cytwar	cytwaru	MASC;INAN
czad	czadu	MASC;INAN
czech	czecha	MASC;HUM
czerniak	czerniaka	MASC;ANIM
czernina	czerniny	FEM
czyn	czynu	MASC;INAN
czółenko	czółenka	NEUT
dach	dachu	MASC;INAN
dama	damy	FEM
data	daty	FEM
dekielek	dekielka	MASC;INAN
depilator	depilatora	MASC;INAN
dj	dj-a	MASC;HUM
dobro	dobra	NEUT
dobytek	dobytku	MASC;INAN
doker	dokera	MASC;HUM
doktorant	doktoranta	MASC;HUM
dolina	doliny	FEM
dozór	dozoru	MASC;INAN
drab	draba	MASC;HUM
drąg	drąga	MASC;INAN
duma	dumy	FEM
dusiciel	dusiciela	MASC;HUM
dwusieczna	dwusiecznej	FEM
dwuznak	dwuznaku	MASC;INAN
dybuk	dybuka	MASC;ANIM
dym	dymu	MASC;INAN
dystans	dystansu	MASC;INAN
działka	działki	FEM
działko	działka	NEUT
dzieciobójstwo	dzieciobójstwa	NEUT
dłoń	dłoni	FEM
dłużnik	dłużnika	MASC;HUM
eksport	eksportu	MASC;INAN
ekspres	ekspresu	MASC;INAN
elektrolit	elektrolitu	MASC;INAN
elektrownia	elektrowni	FEM
epilog	epilogu	MASC;INAN
fatwa	fatwy	FEM
fazan	fazana	MASC;ANIM
fałszywka	fałszywki	FEM
fenek	fenka	MASC;ANIM
fenicjanin	fenicjanina	MASC;HUM
fermion	fermionu	MASC;INAN
filmowiec	filmowca	MASC;HUM
finał	finału	MASC;INAN
fiut	fiuta	MASC;ANIM
fraczek	fraczka	MASC;INAN
fragment	fragmentu	MASC;INAN
frezarka	frezarki	FEM
frezer	frezera	MASC;HUM
frustrat	frustrata	MASC;HUM
fuks	fuksa	MASC;INAN
furtka	furtki	FEM
garderoba	garderoby	FEM
gardziel	gardzieli	FEM
gardło	gardła	NEUT
garnirunek	garnirunku	MASC;INAN
gałka	gałki	FEM
gaźnik	gaźnika	MASC;INAN
gliniarz	gliniarza	MASC;HUM
gont	gontu	MASC;INAN
gorol	gorola	MASC;HUM
goryl	goryla	MASC;ANIM
gorzelnia	gorzelni	FEM
gołębnik	gołębnika	MASC;INAN
gra	gry	FEM
gracz	gracza	MASC;HUM
graf	grafu	MASC;INAN
granat	granatu	MASC;INAN
grzechotnik	grzechotnika	MASC;ANIM
grześ	grzesia	MASC;HUM
grzybowa	grzybowej	FEM
guma	gumy	FEM
guz	guza	MASC;INAN
gwar	gwaru	MASC;INAN
gwałciciel	gwałciciela	MASC;HUM
gwałcicielka	gwałcicielki	FEM
gwóźdź	gwóździa	MASC;INAN
głos	głosu	MASC;INAN
głowa	głowy	FEM
głośnia	głośni	FEM
głuptak	głuptaka	MASC;ANIM
głębia	głębi	FEM
handlarz	handlarza	MASC;HUM
harmonogram	harmonogramu	MASC;INAN
helikopter	helikoptera	MASC;INAN
herc	herca	MASC;INAN
heretyk	heretyka	MASC;HUM
hierarcha	hierarchy	MASC;HUM
hit	hitu	MASC;INAN
holenderka	holenderki	FEM
holownik	holownika	MASC;INAN
horda	hordy	FEM
horyzont	horyzontu	MASC;INAN
humor	humoru	MASC;INAN
hydrant	hydrantu	MASC;INAN
hydraulik	hydraulika	MASC;HUM
hymn	hymnu	MASC;INAN
idiota	idioty	MASC;HUM
ikebana	ikebany	FEM
infiks	infiksu	MASC;INAN
inkaust	inkaustu	MASC;INAN
irakijczyk	irakijczyka	MASC;HUM
izba	izby	FEM
izoleucyna	izoleucyny	FEM
izraelczyk	izraelczyka	MASC;HUM
jadłowstręt	jadłowstrętu	MASC;INAN
jajowód	jajowodu	MASC;INAN
jebaka	jebaki	MASC;HUM
jehowy	jehowego	MASC;HUM
jemiołuszka	jemiołuszki	FEM
jeremiada	jeremiady	FEM
jądro	jądra	NEUT
kabała	kabały	FEM
kacap	kacapa	MASC;HUM
kajman	kajmana	MASC;ANIM
kamica	kamicy	FEM
kanapa	kanapy	FEM
karczmarz	karczmarza	MASC;HUM
karoca	karocy	FEM
kartka	kartki	FEM
karyna	karyny	FEM
kasta	kasty	FEM
kasza	kaszy	FEM
kaszanka	kaszanki	FEM
kawa	kawy	FEM
keton	ketonu	MASC;INAN
kiciuś	kiciusia	MASC;ANIM
klamka	klamki	FEM
kleik	kleiku	MASC;INAN
klimat	klimatu	MASC;INAN
klub	klubu	MASC;INAN
kobra	kobry	FEM
kochany	kochanego	MASC;HUM
kocica	kocicy	FEM
kodeks	kodeksu	MASC;INAN
koenzym	koenzymu	MASC;INAN
kolczatka	kolczatki	FEM
kolec	kolca	MASC;INAN
kolejka	kolejki	FEM
kombinezon	kombinezonu	MASC;INAN
kompost	kompostu	MASC;INAN
komputer	komputera	MASC;INAN
komunikat	komunikatu	MASC;INAN
konduktor	konduktora	MASC;HUM
konew	konwi	FEM
konflikt	konfliktu	MASC;INAN
konkordat	konkordatu	MASC;INAN
konsensus	konsensusu	MASC;INAN
konstantynopolitańczyk	konstantynopolitańczyka	MASC;HUM
konto	konta	NEUT
koreańczyk	koreańczyka	MASC;HUM
kornet	kornetu	MASC;INAN
koronka	koronki	FEM
kostnica	kostnicy	FEM
koszmar	koszmaru	MASC;INAN
kowal	kowala	MASC;HUM
kołek	kołka	MASC;INAN
kołnierz	kołnierza	MASC;INAN
kram	kramu	MASC;INAN
krasnoludek	krasnoludka	MASC;ANIM
krawiec	krawca	MASC;HUM
kres	kresu	MASC;INAN
kreskówka	kreskówki	FEM
kryminalista	kryminalisty	MASC;HUM
krypta	krypty	FEM
krzywa	krzywej	FEM
krówka	krówki	FEM
krągłość	krągłości	FEM
ksieni	ksieni	FEM
księżna	księżnej	FEM
kuchenka	kuchenki	FEM
kumpel	kumpla	MASC;HUM
kuriozum	kuriozum	NEUT
kuśnierz	kuśnierza	MASC;HUM
kwadrans	kwadransa	MASC;INAN
kwas	kwasu	MASC;INAN
kwiaciarka	kwiaciarki	FEM
kłódka	kłódki	FEM
laleczka	laleczki	FEM
lambda	lambdy	FEM
lampa	lampy	FEM
landszaft	landszaftu	MASC;INAN
laptop	laptopu	MASC;INAN
las	lasu	MASC;INAN
lemniskata	lemniskaty	FEM
lipa	lipy	FEM
lisek	liska	MASC;ANIM
lisiątko	lisiątka	NEUT
list	listu	MASC;INAN
lnica	lnicy	FEM
lodziara	lodziary	FEM
lokal	lokalu	MASC;INAN
lotos	lotosu	MASC;INAN
luksus	luksusu	MASC;INAN
magazynier	magazyniera	MASC;HUM
mahoniowiec	mahoniowca	MASC;INAN
makaron	makaronu	MASC;INAN
makaroniarz	makaroniarza	MASC;HUM
marker	markera	MASC;INAN
marsjanin	marsjanina	MASC;HUM
matematyk	matematyka	MASC;HUM
małpeczka	małpeczki	FEM
mańkut	mańkuta	MASC;HUM
menel	menela	MASC;HUM
menuet	menueta	MASC;ANIM
mercedes	mercedesa	MASC;ANIM
mgławica	mgławicy	FEM
miazga	miazgi	FEM
mieszanka	mieszanki	FEM
minuta	minuty	FEM
miękkość	miękkości	FEM
mięta	mięty	FEM
mocarstwo	mocarstwa	NEUT
moda	mody	FEM
modrzewnica	modrzewnicy	FEM
mol	mola	MASC;INAN
moment	momentu	MASC;INAN
monada	monady	FEM
monopolista	monopolisty	MASC;HUM
montażystka	montażystki	FEM
morfem	morfemu	MASC;INAN
motel	motelu	MASC;INAN
muchomor	muchomora	MASC;ANIM
mufti	muftiego	MASC;HUM
muszla	muszli	FEM
mućka	mućki	FEM
myśl	myśli	FEM
mór	moru	MASC;INAN
młynarz	młynarza	MASC;HUM
nadczłowiek	nadczłowieka	MASC;HUM
nadzorca	nadzorcy	MASC;HUM
nagrobek	nagrobka	MASC;INAN
nagłówek	nagłówka	MASC;INAN
najemnik	najemnika	MASC;HUM
nakrętka	nakrętki	FEM
narkotyk	narkotyku	MASC;INAN
narzekanie	narzekania	NEUT
nastolatek	nastolatka	MASC;HUM
nauczyciel	nauczyciela	MASC;HUM
nauczycielka	nauczycielki	FEM
nazista	nazisty	MASC;HUM
nazwisko	nazwiska	NEUT
negatyw	negatywu	MASC;INAN
niania	niani	FEM
niemowlę	niemowlęcia	NEUT
niepowodzenie	niepowodzenia	NEUT
niż	niżu	MASC;INAN
notariusz	notariusza	MASC;HUM
numer	numeru	MASC;INAN
nurt	nurtu	MASC;INAN
obraz	obrazu	MASC;INAN
obroża	obroży	FEM
obserwator	obserwatora	MASC;HUM
obwodnica	obwodnicy	FEM
obwód	obwodu	MASC;INAN
obłęd	obłędu	MASC;INAN
oczko	oczka	NEUT
odlot	odlotu	MASC;INAN
odsiecz	odsieczy	FEM
ogon	ogona	MASC;INAN
ogłowie	ogłowia	NEUT
ojciec	ojca	MASC;HUM
olbrzymka	olbrzymki	FEM
opactwo	opactwa	NEUT
oracz	oracza	MASC;HUM
ostrosłup	ostrosłupa	MASC;INAN
ołtarz	ołtarza	MASC;INAN
pajęczyna	pajęczyny	FEM
paliwo	paliwa	NEUT
panda	pandy	FEM
pani	pani	FEM
papa	papy	FEM
papierośnica	papierośnicy	FEM
partyzantka	partyzantki	FEM
parzydełko	parzydełka	NEUT
paser	pasera	MASC;HUM
pedryl	pedryla	MASC;HUM
pentan	pentanu	MASC;INAN
pepik	pepika	MASC;HUM
pergamin	pergaminu	MASC;INAN
pieczara	pieczary	FEM
pielgrzymka	pielgrzymki	FEM
pies	psa	MASC;ANIM
pieseczek	pieseczka	MASC;ANIM
pigułka	pigułki	FEM
piosenkarz	piosenkarza	MASC;HUM
piołun	piołunu	MASC;INAN
pismak	pismaka	MASC;HUM
piąteczka	piąteczki	FEM
piła	piły	FEM
piżmaczek	piżmaczka	MASC;INAN
plaga	plagi	FEM
planimetr	planimetru	MASC;INAN
plon	plonu	MASC;INAN
poczet	pocztu	MASC;INAN
podmiot	podmiotu	MASC;INAN
podwieczorek	podwieczorka	MASC;INAN
podział	podziału	MASC;INAN
pogotowie	pogotowia	NEUT
pojezierze	pojezierza	NEUT
pokojówka	pokojówki	FEM
polecenie	polecenia	NEUT
policzek	policzka	MASC;INAN
poligamistka	poligamistki	FEM
polonez	poloneza	MASC;ANIM
pomiar	pomiaru	MASC;INAN
popołudnie	popołudnia	NEUT
pornol	pornola	MASC;ANIM
port	portu	MASC;INAN
portal	portalu	MASC;INAN
portowiec	portowca	MASC;HUM
porzeczka	porzeczki	FEM
potakiwacz	potakiwacza	MASC;HUM
powiernictwo	powiernictwa	NEUT
powrót	powrotu	MASC;INAN
położenie	położenia	NEUT
poświęcenie	poświęcenia	NEUT
pracownia	pracowni	FEM
prawo	prawa	NEUT
precel	precla	MASC;INAN
prezent	prezentu	MASC;INAN
problem	problemu	MASC;INAN
proca	procy	FEM
procesor	procesora	MASC;INAN
proepidemik	proepidemika	MASC;HUM
proszek	proszku	MASC;INAN
protektorat	protektoratu	MASC;INAN
prowizorka	prowizorki	FEM
prośba	prośby	FEM
prysznic	prysznica	MASC;INAN
przeciąg	przeciągu	MASC;INAN
przedstawienie	przedstawienia	NEUT
przekład	przekładu	MASC;INAN
przepiórka	przepiórki	FEM
przestroga	przestrogi	FEM
przeszczep	przeszczepu	MASC;INAN
przetacznik	przetacznika	MASC;INAN
przetarg	przetargu	MASC;INAN
przydomek	przydomka	MASC;INAN
przyrząd	przyrządu	MASC;INAN
przysięga	przysięgi	FEM
próba	próby	FEM
prąd	prądu	MASC;INAN
prędkość	prędkości	FEM
pręgierz	pręgierza	MASC;INAN
puchacz	puchacza	MASC;ANIM
puchar	pucharu	MASC;INAN
pysk	pyska	MASC;INAN
półprzewodnik	półprzewodnika	MASC;INAN
płetwonurek	płetwonurka	MASC;HUM
płot	płotu	MASC;INAN
płotka	płotki	FEM
pływak	pływaka	MASC;HUM
płótno	płótna	NEUT
radlica	radlicy	FEM
radna	radnej	FEM
rakieta	rakiety	FEM
ramadan	ramadanu	MASC;INAN
randka	randki	FEM
rata	raty	FEM
region	regionu	MASC;INAN
rekord	rekordu	MASC;INAN
relikwiarz	relikwiarza	MASC;INAN
renta	renty	FEM
rentgen	rentgena	MASC;INAN
rezus	rezusa	MASC;ANIM
rogalik	rogalika	MASC;INAN
rolnik	rolnika	MASC;HUM
romb	rombu	MASC;INAN
rosół	rosołu	MASC;INAN
rower	roweru	MASC;INAN
rowerzystka	rowerzystki	FEM
rozczarowanie	rozczarowania	NEUT
rozkaz	rozkazu	MASC;INAN
rozkosz	rozkoszy	FEM
rubel	rubla	MASC;ANIM
rybałt	rybałta	MASC;HUM
rycina	ryciny	FEM
rytuał	rytuału	MASC;INAN
ryzyko	ryzyka	NEUT
rzeczownik	rzeczownika	MASC;INAN
rzeszoto	rzeszota	NEUT
rzyć	rzyci	FEM
różnica	różnicy	FEM
różniczka	różniczki	FEM
różniczkowanie	różniczkowania	NEUT
rękodzieło	rękodzieła	NEUT
rękopis	rękopisu	MASC;INAN
sadownik	sadownika	MASC;HUM
sadło	sadła	NEUT
samica	samicy	FEM
samogon	samogonu	MASC;INAN
samojebka	samojebki	FEM
samosąd	samosądu	MASC;INAN
scenarzysta	scenarzysty	MASC;HUM
sejmik	sejmiku	MASC;INAN
sekretarka	sekretarki	FEM
seler	selera	MASC;ANIM
sens	sensu	MASC;INAN
sernik	sernika	MASC;INAN
seryna	seryny	FEM
seta	sety	FEM
sezon	sezonu	MASC;INAN
sfora	sfory	FEM
siewca	siewcy	MASC;HUM
siewnik	siewnika	MASC;INAN
silnik	silnika	MASC;INAN
sioło	sioła	NEUT
siódemka	siódemki	FEM
siłacz	siłacza	MASC;HUM
skarbnica	skarbnicy	FEM
skarbnik	skarbnika	MASC;HUM
sklep	sklepu	MASC;INAN
skrzydlik	skrzydlika	MASC;INAN
skrzydłorzech	skrzydłorzecha	MASC;INAN
skłot	skłotu	MASC;INAN
slup	slupu	MASC;INAN
smród	smrodu	MASC;INAN
smuga	smugi	FEM
sodomita	sodomity	MASC;HUM
solanka	solanki	FEM
sołtys	sołtysa	MASC;HUM
spawarka	spawarki	FEM
spotkanie	spotkania	NEUT
sprawdzian	sprawdzianu	MASC;INAN
sprzątacz	sprzątacza	MASC;HUM
spód	spodu	MASC;INAN
statysta	statysty	MASC;HUM
stenografka	stenografki	FEM
stokrotka	stokrotki	FEM
stoliczek	stoliczka	MASC;INAN
stop	stopu	MASC;INAN
stołek	stołka	MASC;INAN
strażak	strażaka	MASC;HUM
strug	struga	MASC;INAN
stwierdzenie	stwierdzenia	NEUT
styczna	stycznej	FEM
superkomputer	superkomputera	MASC;INAN
surdut	surdutu	MASC;INAN
suseł	susła	MASC;ANIM
suwnica	suwnicy	FEM
szaszłyk	szaszłyka	MASC;INAN
szata	szaty	FEM
szczudło	szczudła	NEUT
szept	szeptu	MASC;INAN
szermierz	szermierza	MASC;HUM
szkotka	szkotki	FEM
szlachar	szlachara	MASC;ANIM
szlachcianka	szlachcianki	FEM
szlachta	szlachty	FEM
sztandar	sztandaru	MASC;INAN
szwagierka	szwagierki	FEM
szybowiec	szybowca	MASC;INAN
szydło	szydła	NEUT
słonica	słonicy	FEM
słota	słoty	FEM
taboret	taboretu	MASC;INAN
talon	talonu	MASC;INAN
tasza	taszy	FEM
tekściarz	tekściarza	MASC;HUM
telefonistka	telefonistki	FEM
tempomat	tempomatu	MASC;INAN
tenisista	tenisisty	MASC;HUM
tesla	tesli	FEM
toast	toastu	MASC;INAN
tona	tony	FEM
torbacz	torbacza	MASC;ANIM
tornister	tornistra	MASC;INAN
tort	tortu	MASC;INAN
trapezoid	trapezoidu	MASC;INAN
trawnik	trawnika	MASC;INAN
trup	trupa	MASC;ANIM
trzcina	trzciny	FEM
trzykrotka	trzykrotki	FEM
trędowaty	trędowatego	MASC;HUM
tuleja	tulei	FEM
turkawka	turkawki	FEM
tuńczyk	tuńczyka	MASC;ANIM
tłukno	tłukna	NEUT
uczta	uczty	FEM
udo	uda	NEUT
uprowadzenie	uprowadzenia	NEUT
uprząż	uprzęży	FEM
usposobienie	usposobienia	NEUT
ustawa	ustawy	FEM
uzależnienie	uzależnienia	NEUT
uzus	uzusu	MASC;INAN
wadera	wadery	FEM
wahadłowiec	wahadłowca	MASC;INAN
wałach	wałacha	MASC;ANIM
wdowa	wdowy	FEM
wezyr	wezyra	MASC;HUM
wiciokrzew	wiciokrzewu	MASC;INAN
widok	widoku	MASC;INAN
wiecheć	wiechcia	MASC;INAN
wiedźma	wiedźmy	FEM
wielomian	wielomianu	MASC;INAN
wielościan	wielościanu	MASC;INAN
wierność	wierności	FEM
wiersz	wiersza	MASC;INAN
wihajster	wihajstra	MASC;INAN
winnica	winnicy	FEM
wiorsta	wiorsty	FEM
wiza	wizy	FEM
wiązka	wiązki	FEM
więzadło	więzadła	NEUT
wodniczka	wodniczki	FEM
wodzidło	wodzidła	NEUT
wschód	wschodu	MASC;INAN
wtyczka	wtyczki	FEM
wybieg	wybiegu	MASC;INAN
wydma	wydmy	FEM
wygnanie	wygnania	NEUT
wykałaczka	wykałaczki	FEM
wyrażenie	wyrażenia	NEUT
wyrok	wyroku	MASC;INAN
wysiłek	wysiłku	MASC;INAN
wysokościowiec	wysokościowca	MASC;INAN
wóz	wozu	MASC;INAN
wągier	wągra	MASC;INAN
wędzidło	wędzidła	NEUT
zadupie	zadupia	NEUT
zagroda	zagrody	FEM
zaimek	zaimka	MASC;INAN
zajęcie	zajęcia	NEUT
zamach	zamachu	MASC;INAN
zamrażarka	zamrażarki	FEM
zapach	zapachu	MASC;INAN
zaskroniec	zaskrońca	MASC;ANIM
zasobnik	zasobnika	MASC;INAN
zasób	zasobu	MASC;INAN
zatoka	zatoki	FEM
zawartość	zawartości	FEM
zawał	zawału	MASC;INAN
zawód	zawodu	MASC;INAN
zbiornik	zbiornika	MASC;INAN
zbir	zbira	MASC;HUM
zdanie	zdania	NEUT
zemsta	zemsty	FEM
zenit	zenitu	MASC;INAN
zespół	zespołu	MASC;INAN
ziemniak	ziemniaka	MASC;ANIM
zjawisko	zjawiska	NEUT
zjazd	zjazdu	MASC;INAN
znajoma	znajomej	FEM
znieczulenie	znieczulenia	NEUT
zołza	zołzy	FEM
zwierciadło	zwierciadła	NEUT
zwojnica	zwojnicy	FEM
zwrotnica	zwrotnicy	FEM
zwój	zwoju	MASC;INAN
ćwiczenie	ćwiczenia	NEUT
łazienka	łazienki	FEM
łom	łomu	MASC;INAN
łopatka	łopatki	FEM
łubin	łubinu	MASC;INAN
łuska	łuski	FEM
ściereczka	ściereczki	FEM
ściernisko	ścierniska	NEUT
ścieżka	ścieżki	FEM
śledziennica	śledziennicy	FEM
ślepie	ślepia	NEUT
śpiączka	śpiączki	FEM
średnia	średniej	FEM
śrubeczka	śrubeczki	FEM
świat	świata	MASC;INAN
świder	świdra	MASC;INAN
żaglówka	żaglówki	FEM
żart	żartu	MASC;INAN
żelazostop	żelazostopu	MASC;INAN
żniwiarz	żniwiarza	MASC;HUM
żurawina	żurawiny	FEM
żydek	żydka	MASC;HUM
żyrandol	żyrandola	MASC;INAN
żywopłot	żywopłotu	MASC;INAN
żłóbek	żłóbka	MASC;INAN
adapter	adaptera	MASC;INAN
afiks	afiksu	MASC;INAN
agresja	agresji	FEM
agresor	agresora	MASC;HUM
akademik	akademika	MASC;HUM
akordeonistka	akordeonistki	FEM
akromegalia	akromegalii	FEM
aktor	aktora	MASC;HUM
akupunktura	akupunktury	FEM
alarm	alarmu	MASC;INAN
alkaloid	alkaloidu	MASC;INAN
ambasada	ambasady	FEM
ambasadorka	ambasadorki	FEM
antygen	antygenu	MASC;INAN
antylopa	antylopy	FEM
arginina	argininy	FEM
arnika	arniki	FEM
astrolabium	astrolabium	NEUT
atom	atomu	MASC;INAN
atrybut	atrybutu	MASC;INAN
bagnica	bagnicy	FEM
bajgiel	bajgla	MASC;INAN
balast	balastu	MASC;INAN
balsam	balsamu	MASC;INAN
banda	bandy	FEM
bank	banku	MASC;INAN
baobab	baobabu	MASC;INAN
beczka	beczki	FEM
beleczka	beleczki	FEM
bezpieczeństwo	bezpieczeństwa	NEUT
bełkot	bełkotu	MASC;INAN
biblioteczka	biblioteczki	FEM
biegunka	biegunki	FEM
biogaz	biogazu	MASC;INAN
bliźni	bliźniego	MASC;HUM
bliźniak	bliźniaka	MASC;HUM
bogini	bogini	FEM
borowik	borowika	MASC;ANIM
borowina	borowiny	FEM
brama	bramy	FEM
bramkarz	bramkarza	MASC;HUM
bransoleta	bransolety	FEM
brezent	brezentu	MASC;INAN
brona	brony	FEM
broń	broni	FEM
brukowiec	brukowca	MASC;INAN
brukselka	brukselki	FEM
brunetka	brunetki	FEM
bryza	bryzy	FEM
brzeg	brzegu	MASC;INAN
brzuch	brzucha	MASC;INAN
bród	brodu	MASC;INAN
budziszynianin	budziszynianina	MASC;HUM
bufor	buforu	MASC;INAN
bulla	bulli	FEM
bulwka	bulwki	FEM
burmistrz	burmistrza	MASC;HUM
butelka	butelki	FEM
buziak	buziaka	MASC;ANIM
bułgarka	bułgarki	FEM
bójka	bójki	FEM
bąbelek	bąbelka	MASC;INAN
błękit	błękitu	MASC;INAN
cebula	cebuli	FEM
cedr	cedru	MASC;INAN
celnik	celnika	MASC;HUM
cent	centa	MASC;ANIM
chabeta	chabety	FEM
chleb	chleba	MASC;INAN
cholewa	cholewy	FEM
chrupek	chrupka	MASC;INAN
chruścik	chruścika	MASC;ANIM
chwila	chwili	FEM
chłodnik	chłodniku	MASC;INAN
chłop	chłopa	MASC;HUM
ciacho	ciacha	NEUT
ciąg	ciągu	MASC;INAN
cięciwa	cięciwy	FEM
cud	cudu	MASC;INAN
cudzołożnik	cudzołożnika	MASC;HUM
cudzysłów	cudzysłowu	MASC;INAN
cukrzyca	cukrzycy	FEM
cuma	cumy	FEM
cyganka	cyganki	FEM
cykloida	cykloidy	FEM
cytoplazma	cytoplazmy	FEM
czarnoksiężnik	czarnoksiężnika	MASC;HUM
czasomierz	czasomierza	MASC;INAN
czekan	czekana	MASC;INAN
czerpak	czerpaka	MASC;INAN
czerwiec	czerwca	MASC;INAN
czop	czopu	MASC;INAN
czosnaczek	czosnaczka	MASC;INAN
czumak	czumaka	MASC;HUM
czytelnik	czytelnika	MASC;HUM
dachówka	dachówki	FEM
daktylowiec	daktylowca	MASC;INAN
danina	daniny	FEM
darowizna	darowizny	FEM
darń	darni	FEM
delirium	delirium	NEUT
depesza	depeszy	FEM
despota	despoty	MASC;HUM
deszczówka	deszczówki	FEM
diament	diamentu	MASC;INAN
dinozaur	dinozaura	MASC;ANIM
dodekafonia	dodekafonii	FEM
dokument	dokumentu	MASC;INAN
dolar	dolara	MASC;ANIM
doniczka	doniczki	FEM
dotyk	dotyku	MASC;INAN
dozorca	dozorcy	MASC;HUM
dromader	dromadera	MASC;ANIM
drzemka	drzemki	FEM
dunka	dunki	FEM
dupek	dupka	MASC;HUM
dynamit	dynamitu	MASC;INAN
dynia	dyni	FEM
dyskoteka	dyskoteki	FEM
dzban	dzbanu	MASC;INAN
działaczka	działaczki	FEM
dzierżawca	dzierżawcy	MASC;HUM
dzień	dnia	MASC;INAN
dzikus	dzikusa	MASC;HUM
dziureczka	dziureczki	FEM
dziurka	dziurki	FEM
dziwadło	dziwadła	NEUT
dziób	dziobu	MASC;INAN
dżentelmen	dżentelmena	MASC;HUM
dżingiel	dżingla	MASC;INAN
ekonomistka	ekonomistki	FEM
ekshibicjonista	ekshibicjonisty	MASC;HUM
eksklawa	eksklawy	FEM
endorfina	endorfiny	FEM
episkopat	episkopatu	MASC;INAN
epitet	epitetu	MASC;INAN
europejka	europejki	FEM
facet	faceta	MASC;HUM
farad	farada	MASC;INAN
fauna	fauny	FEM
fałsz	fałszu	MASC;INAN
fenicjanka	fenicjanki	FEM
figa	figi	FEM
filtr	filtru	MASC;INAN
fizyka	fizyki	FEM
fonon	fononu	MASC;INAN
forum	forum	NEUT
foton	fotonu	MASC;INAN
fresk	fresku	MASC;INAN
fretka	fretki	FEM
furman	furmana	MASC;HUM
fuszer	fuszera	MASC;HUM
gabinet	gabinetu	MASC;INAN
gadożer	gadożera	MASC;ANIM
gadzinówka	gadzinówki	FEM
gamepad	gamepada	MASC;INAN
ganek	ganku	MASC;INAN
garbus	garbusa	MASC;HUM
gleba	gleby	FEM
goniec	gońca	MASC;HUM
gorycz	goryczy	FEM
goryczka	goryczki	FEM
gospodarstwo	gospodarstwa	NEUT
gospodarz	gospodarza	MASC;HUM
gościniec	gościńca	MASC;INAN
graca	gracy	FEM
granatnik	granatnika	MASC;INAN
greczynka	greczynki	FEM
grom	gromu	MASC;INAN
grono	grona	NEUT
groszek	groszku	MASC;INAN
grucha	gruchy	FEM
gruczoł	gruczołu	MASC;INAN
gruszyczka	gruszyczki	FEM
gumno	gumna	NEUT
guziczek	guziczka	MASC;INAN
gwizdek	gwizdka	MASC;INAN
góra	góry	FEM
gówno	gówna	NEUT
gąsienica	gąsienicy	FEM
gęstość	gęstości	FEM
głośność	głośności	FEM
głód	głodu	MASC;INAN
harem	haremu	MASC;INAN
hobby	hobby	NEUT
homograf	homografu	MASC;INAN
horoskop	horoskopu	MASC;INAN
hreczanyk	hreczanyka	MASC;INAN
ibis	ibisa	MASC;ANIM
ideał	ideału	MASC;INAN
iloraz	ilorazu	MASC;INAN
indianin	indianina	MASC;HUM
inkunabuł	inkunabułu	MASC;INAN
internat	internatu	MASC;INAN
internista	internisty	MASC;HUM
jajecznica	jajecznicy	FEM
japa	japy	FEM
jarzmo	jarzma	NEUT
jałowiec	jałowca	MASC;INAN
jedynka	jedynki	FEM
jesień	jesieni	FEM
jeżyna	jeżyny	FEM
jogurt	jogurtu	MASC;INAN
jupiter	jupitera	MASC;INAN
języczek	języczka	MASC;INAN
kac	kaca	MASC;ANIM
kaczę	kaczęcia	NEUT
kajak	kajaka	MASC;INAN
kaleka	kaleki	FEM
kalif	kalifa	MASC;HUM
kalwinista	kalwinisty	MASC;HUM
kamerzysta	kamerzysty	MASC;HUM
kamienica	kamienicy	FEM
kamyk	kamyka	MASC;INAN
kanarek	kanarka	MASC;ANIM
kapa	kapy	FEM
karafka	karafki	FEM
kardiochirurg	kardiochirurga	MASC;HUM
kark	karku	MASC;INAN
karton	kartonu	MASC;INAN
katastrofa	katastrofy	FEM
kawior	kawioru	MASC;INAN
kałamarnica	kałamarnicy	FEM
kelnerka	kelnerki	FEM
kelwin	kelwina	MASC;INAN
kibol	kibola	MASC;HUM
kicz	kiczu	MASC;INAN
kierunkowskaz	kierunkowskazu	MASC;INAN
kieszonkowiec	kieszonkowca	MASC;HUM
kikut	kikuta	MASC;INAN
kilometrówka	kilometrówki	FEM
klaun	klauna	MASC;HUM
klecha	klechy	MASC;HUM
kobyła	kobyły	FEM
kociczka	kociczki	FEM
kocur	kocura	MASC;ANIM
kokosz	kokoszy	FEM
kolonista	kolonisty	MASC;HUM
koncert	koncertu	MASC;INAN
konewka	konewki	FEM
koniec	końca	MASC;INAN
kontener	kontenera	MASC;INAN
kontrafagot	kontrafagotu	MASC;INAN
kontynent	kontynentu	MASC;INAN
kord	korda	MASC;INAN
korytarz	korytarza	MASC;INAN
kotlet	kotleta	MASC;INAN
kołdra	kołdry	FEM
kołtun	kołtunu	MASC;INAN
krawcowa	krawcowej	FEM
kreator	kreatora	MASC;INAN
kret	kreta	MASC;ANIM
krogulec	krogulca	MASC;ANIM
krokiet	krokieta	MASC;INAN
krokus	krokusa	MASC;INAN
kruczek	kruczka	MASC;INAN
krupnik	krupniku	MASC;INAN
krytyka	krytyki	FEM
kryzys	kryzysu	MASC;INAN
książka	książki	FEM
księgowa	księgowej	FEM
księgowy	księgowego	MASC;HUM
kształt	kształtu	MASC;INAN
kufel	kufla	MASC;INAN
kupka	kupki	FEM
kurek	kurka	MASC;INAN
kwartet	kwartetu	MASC;INAN
kępa	kępy	FEM
kęs	kęsa	MASC;INAN
laszka	laszki	FEM
leasing	leasingu	MASC;INAN
lej	leja	MASC;INAN
leksem	leksemu	MASC;INAN
lektor	lektora	MASC;HUM
lesbijka	lesbijki	FEM
less	lessu	MASC;INAN
leżak	leżaku	MASC;INAN
lichwiarka	lichwiarki	FEM
licznik	licznika	MASC;INAN
linijka	linijki	FEM
link	linku	MASC;INAN
lira	liry	FEM
literówka	literówki	FEM
lizak	lizaka	MASC;ANIM
lotnictwo	lotnictwa	NEUT
lufcik	lufcika	MASC;INAN
lulek	lulka	MASC;INAN
lustro	lustra	NEUT
lwica	lwicy	FEM
malachit	malachitu	MASC;INAN
malarka	malarki	FEM
maluch	malucha	MASC;ANIM
malunek	malunku	MASC;INAN
mama	mamy	FEM
manat	manata	MASC;ANIM
mandolina	mandoliny	FEM
manicure	manicure'u	MASC;INAN
mara	mary	FEM
markiza	markizy	FEM
marność	marności	FEM
marszand	marszanda	MASC;HUM
martenzyt	martenzytu	MASC;INAN
marynarz	marynarza	MASC;HUM
marzec	marca	MASC;INAN
masa	masy	FEM
maszyna	maszyny	FEM
matematyka	matematyki	FEM
materiał	materiału	MASC;INAN
matka	matki	FEM
matryca	matrycy	FEM
matówka	matówki	FEM
metropolita	metropolity	MASC;HUM
mgła	mgły	FEM
miejscownik	miejscownika	MASC;INAN
migdałowiec	migdałowca	MASC;INAN
mikrofon	mikrofonu	MASC;INAN
mikrokontroler	mikrokontrolera	MASC;INAN
mila	mili	FEM
mimoza	mimozy	FEM
minaret	minaretu	MASC;INAN
mineta	minety	FEM
minus	minusa	MASC;INAN
miska	miski	FEM
mięso	mięsa	NEUT
mięsożerca	mięsożercy	MASC;HUM
mleczko	mleczka	NEUT
mniejszość	mniejszości	FEM
mnożnik	mnożnika	MASC;INAN
mokradło	mokradła	NEUT
monoteista	monoteisty	MASC;HUM
mord	mordu	MASC;INAN
morderca	mordercy	MASC;HUM
mordobicie	mordobicia	NEUT
mordownia	mordowni	FEM
mozół	mozołu	MASC;INAN
mrok	mroku	MASC;INAN
msza	mszy	FEM
mundur	munduru	MASC;INAN
murek	murku	MASC;INAN
mutant	mutanta	MASC;ANIM
naczyniówka	naczyniówki	FEM
nanometr	nanometra	MASC;INAN
narta	narty	FEM
nastolatka	nastolatki	FEM
naszyjnik	naszyjnika	MASC;INAN
nawrócenie	nawrócenia	NEUT
neologizm	neologizmu	MASC;INAN
neutron	neutronu	MASC;INAN
niedostatek	niedostatku	MASC;INAN
niemota	niemoty	FEM
niełupka	niełupki	FEM
niszczyciel	niszczyciela	MASC;HUM
nowotwór	nowotworu	MASC;INAN
obiektyw	obiektywu	MASC;INAN
oblężenie	oblężenia	NEUT
obrzęd	obrzędu	MASC;INAN
obrzęk	obrzęku	MASC;INAN
oda	ody	FEM
odbyt	odbytu	MASC;INAN
odcinek	odcinka	MASC;INAN
odmiana	odmiany	FEM
odwodnienie	odwodnienia	NEUT
odyniec	odyńca	MASC;ANIM
ogień	ognia	MASC;INAN
ojczym	ojczyma	MASC;HUM
okrucieństwo	okrucieństwa	NEUT
okrzemka	okrzemki	FEM
okrzyn	okrzynu	MASC;INAN
okręt	okrętu	MASC;INAN
oksymoron	oksymoronu	MASC;INAN
okulista	okulisty	MASC;HUM
olbrzym	olbrzyma	MASC;ANIM
oliwa	oliwy	FEM
optometrysta	optometrysty	MASC;HUM
optyk	optyka	MASC;HUM
ornat	ornatu	MASC;INAN
orzech	orzecha	MASC;INAN
osełedec	osełedca	MASC;INAN
osełka	osełki	FEM
osiągnięcie	osiągnięcia	NEUT
osoba	osoby	FEM
ostrołódka	ostrołódki	FEM
ostrość	ostrości	FEM
oszczep	oszczepu	MASC;INAN
otchłań	otchłani	FEM
ozdoba	ozdoby	FEM
pacan	pacana	MASC;HUM
palenisko	paleniska	NEUT
palnik	palnika	MASC;INAN
panna	panny	FEM
parapet	parapetu	MASC;INAN
parlamentarzystka	parlamentarzystki	FEM
parst	parsta	MASC;INAN
parytet	parytetu	MASC;INAN
parzydełkowiec	parzydełkowca	MASC;ANIM
pasza	paszy	FEM
paszczur	paszczura	MASC;ANIM
pała	pały	FEM
państwo	państwa	NEUT
pchła	pchły	FEM
pechowiec	pechowca	MASC;HUM
pederasta	pederasty	MASC;HUM
persymona	persymony	FEM
pełnia	pełni	FEM
pielucha	pieluchy	FEM
pilot	pilota	MASC;HUM
pirs	pirsu	MASC;INAN
pistolet	pistoletu	MASC;INAN
piwo	piwa	NEUT
piętno	piętna	NEUT
piżmak	piżmaka	MASC;ANIM
piżmo	piżma	NEUT
plecak	plecaka	MASC;INAN
pliszka	pliszki	FEM
pniak	pniaka	MASC;INAN
pochyłość	pochyłości	FEM
pochówek	pochówka	MASC;INAN
pociecha	pociechy	FEM
podanie	podania	NEUT
podnieta	podniety	FEM
podpowiedź	podpowiedzi	FEM
podtytuł	podtytułu	MASC;INAN
podwórko	podwórka	NEUT
pogrzeb	pogrzebu	MASC;INAN
policjantka	policjantki	FEM
poligamista	poligamisty	MASC;HUM
politechnika	politechniki	FEM
polędwica	polędwicy	FEM
pomyłka	pomyłki	FEM
popychadło	popychadła	NEUT
posada	posady	FEM
postać	postaci	FEM
potańcówka	potańcówki	FEM
potrawa	potrawy	FEM
potrzeba	potrzeby	FEM
pozyton	pozytonu	MASC;INAN
poświata	poświaty	FEM
pracoholik	pracoholika	MASC;HUM
praelement	praelementu	MASC;INAN
pralina	praliny	FEM
prawnik	prawnika	MASC;HUM
programista	programisty	MASC;HUM
programowanie	programowania	NEUT
projektant	projektanta	MASC;HUM
promień	promienia	MASC;INAN
prostata	prostaty	FEM
proteina	proteiny	FEM
przeciwdziedzina	przeciwdziedziny	FEM
przeciwnik	przeciwnika	MASC;HUM
przeciwwaga	przeciwwagi	FEM
przedsionek	przedsionka	MASC;INAN
przekątna	przekątnej	FEM
przenośnia	przenośni	FEM
przestępca	przestępcy	MASC;HUM
przetoka	przetoki	FEM
przewaga	przewagi	FEM
przodek	przodka	MASC;INAN
przymiot	przymiotu	MASC;INAN
przypowieść	przypowieści	FEM
przysłówek	przysłówka	MASC;INAN
przęsło	przęsła	NEUT
prącie	prącia	NEUT
pseudonim	pseudonimu	MASC;INAN
pszczółka	pszczółki	FEM
pszono	pszona	NEUT
pudełko	pudełka	NEUT
pulpit	pulpitu	MASC;INAN
purysta	purysty	MASC;HUM
pustelnik	pustelnika	MASC;HUM
puszeczka	puszeczki	FEM
puszka	puszki	FEM
pylnik	pylnika	MASC;INAN
pytanie	pytania	NEUT
pył	pyłu	MASC;INAN
półmetal	półmetalu	MASC;INAN
płaskostopie	płaskostopia	NEUT
płatek	płatka	MASC;INAN
płetwa	płetwy	FEM
radioizotop	radioizotopu	MASC;INAN
radiowóz	radiowozu	MASC;INAN
rejs	rejsu	MASC;INAN
resztka	resztki	FEM
rewers	rewersu	MASC;INAN
robocizna	robocizny	FEM
rocznica	rocznicy	FEM
rosiczka	rosiczki	FEM
rosjanka	rosjanki	FEM
rozrusznik	rozrusznika	MASC;INAN
rozsądek	rozsądku	MASC;INAN
rozwodnik	rozwodnika	MASC;HUM
roślinka	roślinki	FEM
rumunka	rumunki	FEM
rybitwa	rybitwy	FEM
ryczałt	ryczałtu	MASC;INAN
rydz	rydza	MASC;ANIM
ryk	ryku	MASC;INAN
rzeczywistość	rzeczywistości	FEM
rzepa	rzepy	FEM
rzesza	rzeszy	FEM
róża	róży	FEM
różdżka	różdżki	FEM
sadza	sadzy	FEM
saksofon	saksofonu	MASC;INAN
sauna	sauny	FEM
selenocysteina	selenocysteiny	FEM
semantyka	semantyki	FEM
sen	snu	MASC;INAN
seskwiterpen	seskwiterpenu	MASC;INAN
siarczan	siarczanu	MASC;INAN
siemię	siemienia	NEUT
sierpień	sierpnia	MASC;INAN
sinica	sinicy	FEM
siodełko	siodełka	NEUT
sito	sita	NEUT
skrzydełko	skrzydełka	NEUT
skrzypaczka	skrzypaczki	FEM
skład	składu	MASC;INAN
składnik	składnika	MASC;INAN
smar	smaru	MASC;INAN
smerf	smerfa	MASC;ANIM
smoczek	smoczka	MASC;INAN
smok	smoka	MASC;ANIM
sobowtór	sobowtóra	MASC;HUM
sokowirówka	sokowirówki	FEM
sosna	sosny	FEM
spadek	spadku	MASC;INAN
spierdon	spierdona	MASC;ANIM
spirometr	spirometru	MASC;INAN
sprzeczka	sprzeczki	FEM
srebrny	srebrnego	MASC;INAN
stadion	stadionu	MASC;INAN
stadium	stadium	NEUT
stajnia	stajni	FEM
stal	stali	FEM
stalówka	stalówki	FEM
stetoskop	stetoskopu	MASC;INAN
stratosfera	stratosfery	FEM
strefa	strefy	FEM
strop	stropu	MASC;INAN
stóg	stogu	MASC;INAN
sumienie	sumienia	NEUT
synonim	synonimu	MASC;INAN
szablon	szablonu	MASC;INAN
szafeczka	szafeczki	FEM
szafiarka	szafiarki	FEM
szafka	szafki	FEM
szaleniec	szaleńca	MASC;HUM
szampan	szampanu	MASC;INAN
szczawik	szczawiku	MASC;INAN
szczeniak	szczeniaka	MASC;HUM
szczupak	szczupaka	MASC;ANIM
szczypiornista	szczypiornisty	MASC;HUM
szklaneczka	szklaneczki	FEM
szklanka	szklanki	FEM
szlafrok	szlafroka	MASC;INAN
szmalcownik	szmalcownika	MASC;HUM
szmira	szmiry	FEM
szopka	szopki	FEM
szpieg	szpiega	MASC;HUM
szprot	szprota	MASC;ANIM
sztaluga	sztalugi	FEM
szuler	szulera	MASC;HUM
szyna	szyny	FEM
służąca	służącej	FEM
taksówkarz	taksówkarza	MASC;HUM
tarka	tarki	FEM
tartak	tartaku	MASC;INAN
taśma	taśmy	FEM
temperatura	temperatury	FEM
termostat	termostatu	MASC;INAN
terrorysta	terrorysty	MASC;HUM
tilaka	tilaki	FEM
toponim	toponimu	MASC;INAN
traganek	traganka	MASC;INAN
trawa	trawy	FEM
trop	tropu	MASC;INAN
trunek	trunku	MASC;INAN
trzmielina	trzmieliny	FEM
trzoda	trzody	FEM
trębacz	trębacza	MASC;HUM
turas	turasa	MASC;HUM
tusz	tuszu	MASC;INAN
tęsknota	tęsknoty	FEM
ubaw	ubawu	MASC;INAN
uczony	uczonego	MASC;HUM
układ	układu	MASC;INAN
urdzik	urdzika	MASC;INAN
usługa	usługi	FEM
uzasadnienie	uzasadnienia	NEUT
walina	waliny	FEM
warownia	warowni	FEM
wełna	wełny	FEM
wianek	wianka	MASC;INAN
wieloryb	wieloryba	MASC;ANIM
wieniec	wieńca	MASC;INAN
wiersza	wierszy	FEM
wiertarka	wiertarki	FEM
wikt	wiktu	MASC;INAN
wisienka	wisienki	FEM
wizytówka	wizytówki	FEM
większość	większości	FEM
wiśnia	wiśni	FEM
woskownica	woskownicy	FEM
wpływ	wpływu	MASC;INAN
wrończyk	wrończyka	MASC;ANIM
wrzos	wrzosu	MASC;INAN
wybór	wyboru	MASC;INAN
wycieczkowiec	wycieczkowca	MASC;INAN
wydanie	wydania	NEUT
wydarzenie	wydarzenia	NEUT
wylogowanie	wylogowania	NEUT
wyraz	wyrazu	MASC;INAN
wywiad	wywiadu	MASC;INAN
wyznacznik	wyznacznika	MASC;INAN
wzmacniacz	wzmacniacza	MASC;INAN
wzór	wzoru	MASC;INAN
własność	własności	FEM
włoch	włocha	MASC;HUM
zadośćuczynienie	zadośćuczynienia	NEUT
zaganiacz	zaganiacza	MASC;ANIM
zaplecze	zaplecza	NEUT
zapora	zapory	FEM
zapłon	zapłonu	MASC;INAN
zaspa	zaspy	FEM
zaćmienie	zaćmienia	NEUT
zbójca	zbójcy	MASC;HUM
zdrobnienie	zdrobnienia	NEUT
zdun	zduna	MASC;HUM
zebra	zebry	FEM
ziomek	ziomka	MASC;HUM
zjebka	zjebki	FEM
znak	znaku	MASC;INAN
znamię	znamienia	NEUT
zło	zła	NEUT
złoty	złotego	MASC;INAN
ćma	ćmy	FEM
ćwierć	ćwierci	FEM
łajba	łajby	FEM
łasica	łasicy	FEM
ława	ławy	FEM
łeb	łba	MASC;INAN
łeż	łży	FEM
łożysko	łożyska	NEUT
łysol	łysola	MASC;HUM
łóżko	łóżka	NEUT
łącznik	łącznika	MASC;INAN
ślaz	ślazu	MASC;INAN
ślepiec	ślepca	MASC;HUM
ślimacznica	ślimacznicy	FEM
ślimak	ślimaka	MASC;ANIM
średnica	średnicy	FEM
żar	żaru	MASC;INAN
żebraczka	żebraczki	FEM
żebro	żebra	NEUT
żebropław	żebropława	MASC;ANIM
żelazko	żelazka	NEUT
żerdka	żerdki	FEM
żniwo	żniwa	NEUT
życie	życia	NEUT
życzenie	życzenia	NEUT
żydówka	żydówki	FEM
żyrafa	żyrafy	FEM
żywica	żywicy	FEM
żółtko	żółtka	NEUT
